path,title
/scp-2000-jp,SCP-2000-JP - 伝書使
/scp-2001-jp,SCP-2001-JP - カントリーロード
/scp-2002-jp,SCP-2002-JP - 脳みそだけの男はひとりぼっちでゆめをみる
/scp-2003-jp,SCP-2003-JP - 碧色の血
/scp-2004-jp,SCP-2004-JP - 正常性よ永遠なれ
/scp-2005-jp,SCP-2005-JP - 裁きの剣、赦しの鐘
/scp-2006-jp,SCP-2006-JP - 人類の夢に救済を
/scp-2007-jp,SCP-2007-JP - やっと帰ってきたのですね
/scp-2008-jp,SCP-2008-JP - 野干吼処
/scp-2009-jp,SCP-2009-JP - 収容違反
/scp-2010-jp,SCP-2010-JP - モノリス
/scp-2011-jp,SCP-2011-JP - あの[罵倒]自転車野郎█ねよ！
/scp-2012-jp,SCP-2012-JP - ざんその教会
/scp-2013-jp,SCP-2013-JP - ワンダーテインメント博士のアンリミテッド・安心・アンブレア
/scp-2014-jp,SCP-2014-JP - ねえ奥さん聞いた〜？あそこの息子さんがね…
/scp-2015-jp,SCP-2015-JP - 落ちる夢
/scp-2016-jp,SCP-2016-JP - 臆病な大木
/scp-2017-jp,SCP-2017-JP - もしもの世界は仮想か現実か?
/scp-2018-jp,SCP-2018-JP - 純潔の男娼
/scp-2019-jp,SCP-2019-JP - 溶明の日
/scp-2020-jp,SCP-2020-JP - 祝福、新たなる時代へ
/scp-2021-jp,SCP-2021-JP - 田中圭█
/scp-2022-jp,SCP-2022-JP - 虚空に釘付け
/scp-2023-jp,SCP-2023-JP - 鉄道車両内連続無差別殺人事件(捜査中により機密)
/scp-2024-jp,SCP-2024-JP - おとなのおもちゃ
/scp-2025-jp,SCP-2025-JP - カナリアの啼く時に
/scp-2026-jp,SCP-2026-JP - サグラダ・ファミリア(遺伝子組み換え)
/scp-2027-jp,SCP-2027-JP - 絶滅への足音はあまりにも無邪気で
/scp-2028-jp,SCP-2028-JP - 狐草
/scp-2029-jp,SCP-2029-JP - 機械の中の幽霊
/scp-2030-jp,SCP-2030-JP - 毒薬
/scp-2031-jp,SCP-2031-JP - 児童加虐者断罪戦士ジャッジング･バイオレット
/scp-2032-jp,SCP-2032-JP - 新人研修
/scp-2033-jp,SCP-2033-JP - Need not to know
/scp-2034-jp,SCP-2034-JP - 歩く病院
/scp-2035-jp,SCP-2035-JP - 燃え尽きた青年
/scp-2036-jp,SCP-2036-JP - Omiroponanimal
/scp-2037-jp,SCP-2037-JP - 稚菜ちゃんの化粧机
/scp-2038-jp,SCP-2038-JP - The Slaughter Continues
/scp-2039-jp,"SCP-2039-JP - ""仮装""巡洋艦"
/scp-2040-jp,SCP-2040-JP - ようこそ未来へ
/scp-2041-jp,SCP-2041-JP - 財団感染病棟Q5！白き末期患者と絶望的ホスピタル
/scp-2042-jp,SCP-2042-JP - Agt.野町の花籠をひっくり返す/黒の蛇使いと熱狂的スクール
/scp-2043-jp,SCP-2043-JP - 死刑執行に関する法案/そして何もない/哀願完全平等A3！灰色犯罪者VS最終的プリズン
/scp-2044-jp,SCP-2044-JP - ハムスターの増やし方
/scp-2045-jp,SCP-2045-JP - 【悲報】暴龍ゲンジ、叩かれて死亡
/scp-2046-jp,SCP-2046-JP - 正視
/scp-2047-jp,SCP-2047-JP - キネト学実証実験被験者1号
/scp-2048-jp,SCP-2048-JP - 普通のコイン
/scp-2049-jp,SCP-2049-JP - 救道者
/scp-2050-jp,SCP-2050-JP - 誰
/scp-2051-jp,SCP-2051-JP - 湖の花嫁
/scp-2052-jp,SCP-2052-JP - 疑児餌
/scp-2053-jp,SCP-2053-JP - そこに悲鳴を聞くな
/scp-2054-jp,SCP-2054-JP - いねなし村
/scp-2055-jp,SCP-2055-JP - 　　　　　　　を隠すには█の中with一匹(じゃない)█の群れ
/scp-2056-jp,SCP-2056-JP - 合掌
/scp-2057-jp,SCP-2057-JP - 卵に還り、卵が孵る
/scp-2058-jp,SCP-2058-JP - エクストリーム・ウバスティング
/scp-2059-jp,SCP-2059-JP - 怪物の心臓
/scp-2060-jp,SCP-2060-JP - 帰宅
/scp-2061-jp,SCP-2061-JP - 暁星屋百貨店冒険譚
/scp-2062-jp,SCP-2062-JP - 万能偽薬
/scp-2063-jp,SCP-2063-JP - シェイクスピアはもういらない
/scp-2064-jp,SCP-2064-JP - 蟲のこゑ
/scp-2065-jp,SCP-2065-JP - 解放者
/scp-2066-jp,SCP-2066-JP - 好き嫌い成敗！正義と悪のお料理劇場常識的人型実体から消えていく
/scp-2067-jp,SCP-2067-JP - 沼蜂
/scp-2068-jp,SCP-2068-JP - キュン死不可避の激カワ動物
/scp-2069-jp,SCP-2069-JP - テルモピュライの再戦
/scp-2070-jp,SCP-2070-JP - 《CODE:T》明日の薫風
/scp-2071-jp,SCP-2071-JP - 憧れ、想い、消えてゆく
/scp-2072-jp,SCP-2072-JP - 私刑
/scp-2073-jp,SCP-2073-JP - それを確かに受け取った
/scp-2074-jp,SCP-2074-JP - 惨分ショッキング
/scp-2075-jp,SCP-2075-JP - 人間の顔じゃない
/scp-2077-jp,SCP-2077-JP - チューリングシュレッダ
/scp-2079-jp,SCP-2079-JP - 船舶保護条約
/scp-2080-jp,SCP-2080-JP - いつかの種子タネ
/scp-2081-jp,SCP-2081-JP - 私利私欲1億円募金！
/scp-2082-jp,SCP-2082-JP - 立つ鳥跡形も残さず
/scp-2083-jp,SCP-2083-JP - ただ憧れにひた走る
/scp-2084-jp,SCP-2084-JP - ガラポン抽選の沼
/scp-2085-jp,SCP-2085-JP - 博士のびっくり！はこの中身はなんだろな？ゲーム！
/scp-2086-jp,SCP-2086-JP - ソ連兵は畑から採れる
/scp-2087-jp,SCP-2087-JP - 澪標
/scp-2088-jp,SCP-2088-JP - お父さんは秘密
/scp-2089-jp,SCP-2089-JP - すっげーバスケの上手い死体
/scp-2090-jp,SCP-2090-JP - とおくへとおくへとんでいけ
/scp-2091-jp,SCP-2091-JP - 娑婆駄馬
/scp-2092-jp,SCP-2092-JP - データフィッシング
/scp-2093-jp,SCP-2093-JP - 理解者
/scp-2094-jp,SCP-2094-JP - 蔦這う砲塔と光の砲弾
/scp-2095-jp,SCP-2095-JP - 青磯蚯蚓アオイソメ
/scp-2096-jp,SCP-2096-JP - 罪悪質な当たり屋
/scp-2097-jp,SCP-2097-JP - 「おじちゃんと一緒に遊ぼうか」
/scp-2098-jp,SCP-2098-JP - 上を向いて歩こう
/scp-2099-jp,SCP-2099-JP - 早贄
/scp-2100-jp,SCP-2100-JP - 宙の呼び声
/scp-2101-jp,--01.--
/scp-2102-jp,SCP-2102-JP - 領域内の異常な被視感、または彼らは如何にして悲観するのを止めて日常を愛するようになったか
/scp-2103-jp,SCP-2103-JP - 財宝を守るクラーケン
/scp-2105-jp,SCP-2105-JP - 神身事故
/scp-2106-jp,SCP-2106-JP - 怪魚アカメ
/scp-2107-jp,SCP-2107-JP - シデムシに手を出すな
/scp-2108-jp,SCP-2108-JP - 女王蛸
/scp-2109-jp,SCP-2109-JP - 換骨奪胎
/scp-2110-jp,SCP-2110-JP - カラスタル・ナハト
/scp-2111-jp,SCP-2111-JP - ごちそうさまでした。
/scp-2112-jp,SCP-2112-JP - 死霊の館
/scp-2113-jp,SCP-2113-JP - そして目を閉じた
/scp-2115-jp,SCP-2115-JP - 歩み続ける限り
/scp-2116-jp,SCP-2116-JP - お腹いっぱいの夢をお届け
/scp-2118-jp,SCP-2118-JP - あの世ダイアル代行サービス
/scp-2119-jp,SCP-2119-JP - 焼き付いた記憶
/scp-2121-jp,SCP-2121-JP - NYASRAC
/scp-2122-jp,SCP-2122-JP - 哀しみの皮革製品
/scp-2123-jp,SCP-2123-JP - 稲妻神輿
/scp-2125-jp,SCP-2125-JP - 瞼に焼きつけて
/scp-2126-jp,SCP-2126-JP - 財団メシ: 反ミーム臓物
/scp-2127-jp,SCP-2127-JP - 総崩れの味見
/scp-2129-jp,SCP-2129-JP - 「その手を離してくれ。」
/scp-2130-jp,SCP-2130-JP - ミオのひみつきち
/scp-2131-jp,SCP-2131-JP - 墓石運び
/scp-2132-jp,SCP-2132-JP - サツタケ
/scp-2133-jp,SCP-2133-JP - 手中の世界に嗤いけり
/scp-2135-jp,SCP-2135-JP - 汚部屋
/scp-2137-jp,SCP-2137-JP - もういいよ。
/scp-2138-jp,SCP-2138-JP - セカンドオピニオン
/scp-2139-jp,SCP-2139-JP - 暗い場所は怖い
/scp-2140-jp,SCP-2140-JP - 憧れのパリ
/scp-2142-jp,SCP-2142-JP - 道路上の悪意
/scp-2144-jp,SCP-2144-JP - やぁ！そこの君。君だよ君。そこでこのページをぼうっと眺めてる君。ちょっとしたことなんだけど、このリンクをクリックしてくれないかな。
/scp-2145-jp,SCP-2145-JP - 秘密の肉
/scp-2146-jp,SCP-2146-JP - NO 出会って NO 5秒で IN 素人娘
/scp-2148-jp,SCP-2148-JP - 喫煙治療計画
/scp-2150-jp,SCP-2150-JP - メルティング・ホワイト
/scp-2151-jp,SCP-2151-JP - (自称)天使と悪魔
/scp-2152-jp,SCP-2152-JP - 平穏、不安、飲み下して暗黒
/scp-2153-jp,SCP-2153-JP - オオカミ警報機
/scp-2155-jp,SCP-2155-JP - 生命の神秘、または生物学の厄介者
/scp-2156-jp,SCP-2156-JP - ひなたを求めて
/scp-2158-jp,SCP-2158-JP - 湖上の夢
/scp-2160-jp,SCP-2160-JP - 歴史の嘘
/scp-2161-jp,SCP-2161-JP - 戦友よ、さらば
/scp-2163-jp,SCP-2163-JP - 復活！新宿発→ムベべ星行深夜バス(信者割引アリ※最大70%！)
/scp-2164-jp,SCP-2164-JP - 少女かどうか
/scp-2165-jp,SCP-2165-JP - 私の幕引きは私が決める
/scp-2167-jp,SCP-2167-JP - 過ち
/scp-2170-jp,SCP-2170-JP - 夢法アップロード
/scp-2173-jp,SCP-2173-JP - 芽生え
/scp-2175-jp,SCP-2175-JP - 幽霊地震
/scp-2177-jp,SCP-2177-JP - 愛した日々とクソみたいな私
/scp-2179-jp,SCP-2179-JP - 貴方はきっと、望まれていた。
/scp-2181-jp,SCP-2181-JP - ワケあり少女が一転、バイバイ。春は出会いの象徴なのに…。
/scp-2183-jp,SCP-2183-JP - バイバイ、ベイビー
/scp-2186-jp,SCP-2186-JP - マン・ホール
/scp-2187-jp,SCP-2187-JP - 爆走チョロQでLet's & Go！
/scp-2188-jp,SCP-2188-JP - 手八丁口八丁
/scp-2189-jp,SCP-2189-JP - 不憫な人形
/scp-2190-jp,SCP-2190-JP - 語り部
/scp-2191-jp,SCP-2191-JP - 君のために/私のために
/scp-2192-jp,SCP-2192-JP - 同情はいらない
/scp-2193-jp,SCP-2193-JP - 新しい一歩のために
/scp-2194-jp,SCP-2194-JP - 身命を賭して
/scp-2195-jp,SCP-2195-JP - 秘匿
/scp-2196-jp,SCP-2196-JP - デコレーション戦
/scp-2197-jp,SCP-2197-JP - 毎日の楽しみ
/scp-2198-jp,SCP-2198-JP - コロコロ星
/scp-2199-jp,SCP-2199-JP - ハイコンテクスタリゲーター
/scp-2200-jp,SCP-2200-JP - そり立つはでっかいクマさんの
/scp-2201-jp,SCP-2201-JP - 無尽月導衆定款
/scp-2202-jp,SCP-2202-JP - rror
/scp-2203-jp,SCP-2203-JP - リセット
/scp-2204-jp,SCP-2204-JP - アポロジー・ホットライン
/scp-2205-jp,SCP-2205-JP - █████発西船橋行各駅停車
/scp-2206-jp,SCP-2206-JP - 君と見たかったあの湖で
/scp-2208-jp,SCP-2208-JP - 死に聴き慣れることはなく、彼女はいつもあなたの隣で囁いている
/scp-2210-jp,SCP-2210-JP - ネクロロリコン
/scp-2211-jp,SCP-2211-JP -  財団地獄部門 
/scp-2212-jp,SCP-2212-JP - 友達の友達
/scp-2213-jp,SCP-2213-JP - 隣室がうるさい時、うるさいのは隣室とは限らなくて、
/scp-2214-jp,SCP-2214-JP - もし、神様が歌えなければ
/scp-2215-jp,SCP-2215-JP - 一期戻り橋
/scp-2216-jp,SCP-2216-JP - バンクシアは唆す
/scp-2217-jp,SCP-2217-JP - Entry Number 17
/scp-2218-jp,SCP-2218-JP - 南無八幡大菩薩
/scp-2219-jp,SCP-2219-JP - とてつもなく退屈な扉
/scp-2220-jp,SCP-2220-JP - [私は拒緋する]
/scp-2221-jp,SCP-2221-JP - 家族ガチャ
/scp-2222-jp,SCP-2222-JP - 灯
/scp-2223-jp,SCP-2223-JP - 怪奇アパート
/scp-2224-jp,SCP-2224-JP - 産地直送 ～ Be a good dinner!
/scp-2225-jp,SCP-2225-JP - 猫の指って前足に5本、後ろ足に4本って知ってた？
/scp-2226-jp,SCP-2226-JP - あああああああああああああああああああああああああああああああああああああああああああああああああああ！！！！！！！！！！！！！！
/scp-2227-jp,SCP-2227-JP - 物語を教えて
/scp-2228-jp,SCP-2228-JP - ゴーストランプ
/scp-2229-jp,SCP-2229-JP - Young Gun -アウトローの誕生-
/scp-2230-jp,SCP-2230-JP - Alien art
/scp-2231-jp,SCP-2231-JP - 灰より生い
/scp-2232-jp,SCP-2232-JP - ネバーランドにて
/scp-2233-jp,SCP-2233-JP - 可能な限り多くの人々が偲んだ彼
/scp-2234-jp,SCP-2234-JP - 葬れず
/scp-2235-jp,URA-2235 - あの子の苦しみを取り除く唯一にして最善の方法
/scp-2236-jp,SCP-2236-JP - 山(梨)ガール
/scp-2240-jp,SCP-2240-JP - 子どもが大好き、下水おじさん
/scp-2241-jp,SCP-2241-JP - 幸福な人生にいたる賢明なる選択
/scp-2242-jp,SCP-2242-JP - 「ありがとう！」
/scp-2244-jp,SCP-2244-JP - 永遠の14歳
/scp-2246-jp,SCP-2246-JP - 帰還作戦
/scp-2248-jp,SCP-2248-JP - どくさいエレベーター
/scp-2249-jp,SCP-2249-JP - 「以上の理由で貴方の乳首は外宇宙知的生命体の心の拠り所になりました」「は？」過去に我々は同じであった。時を経て我々は色を分かち、腕の数を分かち、そして思想を分かつ。多腕の民は他者よりもより多くの有機を必要とし、それ故に短命の宿命を宿す。多腕の民はそれを良しとせず有機を探し始めたが、やがて長腕の民の中に眠る有機を奪う事を始める。長腕の民は必死に抗うが守り籠る事に長けており、多腕の民は攻め入る事に優れてはいるが攻め続ける事は不得手であった。このままでは先は無いと未来を案じた長腕の民は必死で祈り、助けを求めた。そこに声を聞きし救世主はるか遠くより来たれり。話を聞いた救世主は有機を用いた万物を押し潰せる武具、武具を飛ばす為の機構、周辺の環境を守る為の壁のを、そしてどの様に機構を動かせば武具を操り多腕を退けられるかを導いた。長腕の民はこれにより多腕の民の侵攻を防ぐ術を手に入れたが、唐突に救世主は姿を消す。これにより長腕の民は再度多腕の民の攻勢に耐え忍ぶ時を過ごし続け、されども一時たりとも祈りを捧げ続けた。争いを始めた多腕の民が寿命によって死に絶え始め、残された者がより激しく長腕の民を戦い始めた頃、再び救世主は長腕の民の下へと姿を現わした。長腕の民の話に応える様に失われた武具を造り直し、多腕の民に持ち去られた武具を迎え撃ち、多腕の民の模倣した機構をも打ち砕く。長腕の民は多腕の民の実情を知り、有機の二つの武具の一方を多腕の民へと分け与えた。多腕の民はこの施しに大いに感服し、侵略の取りやめを命じた。今では多腕の民である我々も、長腕の民も和平を結び、色を分かち、腕の数を分かち、されども同じ思想と二つの有機の下に新たな道を歩む。我々の永遠の平和と救世主への万感の感謝の為、この話を永劫に伝えん事を望む。有機に幸あれ。
/scp-2250-jp,SCP-2250-JP - ぼくらはみんな飢えている
/scp-2251-jp,SCP-2251-JP - 良い子のための
/scp-2255-jp,SCP-2255-JP - 善性新生物
/scp-2256-jp,SCP-2256-JP - 死角いマグカップ
/scp-2260-jp,SCP-2260-JP - 歴史的大発見
/scp-2261-jp,SCP-2261-JP - 伝わることなき置き手紙
/scp-2264-jp,SCP-2264-JP - 時よ、止まれ━━しかし、世界は残酷にそれを刻み続ける
/scp-2265-jp,SCP-2265-JP - 施設崩壊Keterモノのはずだった
/scp-2266-jp,SCP-2266-JP - アルノルフィーニ夫妻の間の床の上の犬の像
/scp-2267-jp,SCP-2267-JP - ラクダは楽だ/そんなことはない/追悼ラクダタグ！ウィルソンズ・ワイルドライフ・ソリューションズVSボーリングでない出来事！
/scp-2269-jp,SCP-2269-JP - 家から出した錆
/scp-2270-jp,SCP-2270-JP - 影㣌
/scp-2273-jp,SCP-2273-JP - じやつく
/scp-2277-jp,SCP-2277-JP - 容疑者は『未成年という認識はなかった』と供述しており──
/scp-2280-jp,SCP-2280-JP - 泣きたい時、いつもばあばが
/scp-2282-jp,SCP-2282-JP - お腹の中
/scp-2283-jp,SCP-2283-JP - 次の次
/scp-2287-jp,SCP-2287-JP - 仏花蟷螂
/scp-2288-jp,SCP-2288-JP - 拝啓、秋めく書棚の狭間より
/scp-2290-jp,SCP-2290-JP - 好きなものが床一面を埋め尽くして、なおかつそれがこちらに嬉しそうに向かってきて、その上もっともっといっぱいになって自身の体を埋め尽くしてくれるだなんて、なんて素晴らしいんでしょう！（ただし、少々生っぽいことには目をつぶってください。）
/scp-2292-jp,SCP-2292-JP - Q! Q! CAT!
/scp-2294-jp,SCP-2294-JP - ただあるべきもの
/scp-2296-jp,SCP-2296-JP - クロニック ラヴ
/scp-2298-jp,SCP-2298-JP - 炎渦巻け 世を捻じれ
/scp-2299-jp,SCP-2299-JP - 正常恐怖症
/scp-2300-jp,SCP-2300-JP - 待てをしようが破ろうが、僕は何処へも往けないのだろう
/scp-2301-jp,SCP-2301-JP - 黙れないなら死ねよ隣人
/scp-2302-jp,SCP-2302-JP - 子安地蔵町
/scp-2303-jp,SCP-2303-JP - 名古屋あげちゃう
/scp-2304-jp,SCP-2304-JP - ノアザミが再び咲いた日
/scp-2305-jp,SCP-2305-JP - 空中黄金戦艦マリエンの王冠号
/scp-2308-jp,SCP-2308-JP - むこう淵
/scp-2309-jp,SCP-2309-JP - 大人になれない君のため
/scp-2310-jp,SCP-2310-JP - 無完成
/scp-2311-jp,SCP-2311-JP - 働き方改革
/scp-2312-jp,SCP-2312-JP - 水は流れて子は産まれ
/scp-2313-jp,SCP-2313-JP - 困った時の化物を呼んだ。
/scp-2314-jp,SCP-2314-JP - 良い女を見つけたら…
/scp-2315-jp,SCP-2315-JP - 英Uターン
/scp-2316-jp,SCP-2316-JP - ドリームズ・ゲート・カルト
/scp-2317-jp,SCP-2317-JP - 歩み
/scp-2319-jp,SCP-2319-JP - 禁止
/scp-2320-jp,SCP-2320-JP - 100日毎に死ぬワニ
/scp-2321-jp,SCP-2321-JP - 雨が降るから共に泣こう
/scp-2322-jp,SCP-2322-JP - それは秘密の
/scp-2323-jp,SCP-2323-JP - 喜劇的な悲劇
/scp-2326-jp,SCP-2326-JP - 病、快癒を願う
/scp-2327-jp,SCP-2327-JP - 逃げ場なんて無い
/scp-2330-jp,SCP-2330-JP - 豊尿の女神
/scp-2331-jp,SCP-2331-JP - 愛の前には性別もましてや種族も何もかも些細な壁に過ぎない
/scp-2332-jp,SCP-2332-JP - あさなしさまきたる
/scp-2333-jp,SCP-2333-JP - 減ってはいない
/scp-2334-jp,SCP-2334-JP - 僕は明日の試合でホームランを打つ。だから君も手術が怖くても頑張るんだぞ。僕との約束だ。
/scp-2337-jp,SCP-2337-JP - 最近チーズ食べると必ずお腹壊すんですけどこれってアレルギーか何かなんですかね？
/scp-2338-jp,SCP-2338-JP - お約束の「ブチィッ！」
/scp-2344-jp,SCP-2344-JP - アニマリンガル
/scp-2345-jp,SCP-2345-JP - 犬、犬、犬
/scp-2346-jp,SCP-2346-JP - 廃霊
/scp-2348-jp,SCP-2348-JP - ママのあったか手料理
/scp-2349-jp,SCP-2349-JP - 錆と朔望
/scp-2351-jp,SCP-2351-JP - Virtue's Vengeance
/scp-2354-jp,SCP-2354-JP - 妖怪の親玉 みこし入道
/scp-2355-jp,SCP-2355-JP - 信心深き不審者
/scp-2358-jp,SCP-2358-JP - かわいそう（じゃない）
/scp-2360-jp,SCP-2360-JP - 財団エレベーター部門
/scp-2363-jp,SCP-2363-JP - おゆうぎ会
/scp-2366-jp,SCP-2366-JP - 河童願うに、この種絶やすべし
/scp-2370-jp,SCP-2370-JP - あの気球
/scp-2371-jp,SCP-2371-JP - 䒜ソイタウロス
/scp-2372-jp,SCP-2372-JP - 妊符にんぷの音床おんしょう
/scp-2373-jp,SCP-2373-JP - 跳んでけ
/scp-2374-jp,SCP-2374-JP - カニタコ理髪店
/scp-2377-jp,SCP-2377-JP - 全宇宙コスモが彼にもっと輝けと囁いている
/scp-2380-jp,"SCP-2380-JP - ""それは奴隷の夢に過ぎぬ"""
/scp-2381-jp,SCP-2381-JP - 天命潜入捜査官オルレアンズ・アイボリー
/scp-2384-jp,SCP-2384-JP - ルナ・スカー
/scp-2385-jp,SCP-2385-JP - 試行中の補給経路
/scp-2388-jp,SCP-2388-JP - 落想 - クルサリーダ
/scp-2389-jp,SCP-2389-JP - うしろ
/scp-2394-jp,SCP-2394-JP - 遺書オークションはボロ儲け
/scp-2395-jp,SCP-2395-JP - 赤道を曳くもの
/scp-2397-jp,SCP-2397-JP - アノマラスカリス
/scp-2399-jp,SCP-2399-JP - あんまり人には言えない趣味の夜に
/scp-2400-jp,SCP-2400-JP - 零時を過ぎて
/scp-2401-jp,SCP-2401-JP - 誰が私を見張るのか
/scp-2402-jp,SCP-2402-JP - ∞の谷間
/scp-2403-jp,SCP-2403-JP - 外来種ぶん投げおじさん
/scp-2404-jp,SCP-2404-JP - ドッペル総理 受け継がれる意志
/scp-2408-jp,SCP-2408-JP - 明日、ようやくユキが降る
/scp-2410-jp,SCP-2410-JP - Exit
/scp-2411-jp,SCP-2411-JP - 大光明遍照揚鶏繰換之術式(※遺伝子組み換えでない)
/scp-2412-jp,SCP-2412-JP - 授かりもの(クーリングオフ制度はありません)
/scp-2415-jp,SCP-2415-JP - 生(きていく)ゴミ
/scp-2417-jp,SCP-2417-JP - 蛹として在るもの
/scp-2418-jp,SCP-2418-JP - 劇的ビーバーアフター
/scp-2420-jp,SCP-2420-JP - しあわせうさぎのグラック
/scp-2422-jp,SCP-2422-JP - 言ノ葉九想図
/scp-2423-jp,SCP-2423-JP - 愛するが故に
/scp-2424-jp,SCP-2424-JP - リンカーン・センチュリー
/scp-2426-jp,SCP-2426-JP - その角から飛び出してきてくれないか
/scp-2429-jp,SCP-2429-JP - 河豚フグは喰ひたし
/scp-2430-jp,SCP-2430-JP - ローズマリーに追憶を
/scp-2433-jp,SCP-2433-JP - 冤罪符
/scp-2434-jp,SCP-2434-JP - やかん
/scp-2435-jp,SCP-2435-JP - Another One Rides The Hearse !
/scp-2438-jp,SCP-2438-JP - カイコ
/scp-2440-jp,SCP-2440-JP - 慈悲の皿、無慈悲の糧
/scp-2441-jp,SCP-2441-JP - 御神体、臭う。
/scp-2442-jp,SCP-2442-JP - ウィアーザワーン
/scp-2443-jp,SCP-2443-JP - 喰らい尽くされた過去
/scp-2444-jp,SCP-2444-JP - えとりえとられ
/scp-2449-jp,SCP-2449-JP - Salt・Catechin・Protect
/scp-2450-jp,SCP-2450-JP - さあ、空を見上げて。
/scp-2451-jp,SCP-2451-JP - お役誤免の間違い電話
/scp-2453-jp,SCP-2453-JP - ████第3工場
/scp-2454-jp,SCP-2454-JP - 極限食
/scp-2455-jp,[スロット割り当て無し] - 私を殺すもの
/scp-2456-jp,SCP-2456-JP - 何の因果で形式部門とシェルドン・カッツは合同プロジェクトでオナホールを作るに至ったか
/scp-2457-jp,SCP-2457-JP - 独り立ち
/scp-2459-jp,SCP-2459-JP - きっとそこは地獄に繋がる暖かい場所
/scp-2460-jp,SCP-2460-JP - 蒼い夜
/scp-2462-jp,SCP-2462-JP - 寒いから私はここにいる
/scp-2466-jp,SCP-2466-JP - 想いよ届け、ぶちぬくほどに
/scp-2468-jp,SCP-2468-JP - うたかた
/scp-2472-jp,SCP-2472-JP - Nyankoderogaニャンコデロガ
/scp-2473-jp,SCP-2473-JP - 猫探してます
/scp-2474-jp,SCP-2474-JP - 遥か彼方、ずっと遠くへ。
/scp-2475-jp,SCP-2475-JP - トリッカーの化猫
/scp-2476-jp,SCP-2476-JP - 猫.exe(改変禁止)
/scp-2477-jp,SCP-2477-JP - 和解せよ
/scp-2478-jp,SCP-2478-JP - シュレディンガーの猫のパーフェクト量子力学教室
/scp-2480-jp,SCP-2480-JP - 世界樹
/scp-2484-jp,SCP-2484-JP - 光帝品目第六号:傷丹匣
/scp-2488-jp,SCP-2488-JP - ズヅマリ
/scp-2489-jp,SCP-2489-JP - 超磁空合体 マグネカイザー
/scp-2491-jp,SCP-2491-JP - 貧者の歌
/scp-2493-jp,SCP-2493-JP - 破顔
/scp-2496-jp,SCP-2496-JP - 多神教
/scp-2498-jp,SCP-2498-JP - 心霊スポットぶち壊しサークル新歓😜
/scp-2499-jp,SCP-2499-JP - 産声を聞かせて
/scp-2500-jp,SCP-2500-JP - ライズ
/scp-2501-jp,SCP-2501-JP - 廻り舞台
/scp-2502-jp,SCP-2502-JP - 残夜
/scp-2503-jp,SCP-2503-JP - 絶対零度を待つ者
/scp-2504-jp,SCP-2504-JP - 冬ごもり
/scp-2505-jp,SCP-2505-JP - 処理済鶉
/scp-2506-jp,SCP-2506-JP - 必勝のロシアンルーレット・ドリーム
/scp-2507-jp,SCP-2507-JP - おどかしオバケ
/scp-2510-jp,SCP-2510-JP - やりかけの仕事
/scp-2511-jp,SCP-2511-JP - 湖畔のブラックウィドウ
/scp-2512-jp,SCP-2512-JP - P. for You
/scp-2513-jp,SCP-2513-JP - せめて、財団らしく
/scp-2515-jp,SCP-2515-JP - 襲来 アンデッド・人食いチキン男！
/scp-2516-jp,SCP-2516-JP - Multiply_Drum_Loop_124.wav
/scp-2517-jp,SCP-2517-JP - 第五モドキの非異常宗教
/scp-2518-jp,SCP-2518-JP - 北岳に来ただけなのに
/scp-2519-jp,SCP-2519-JP - ゴーストナイト
/scp-2520-jp,SCP-2520-JP - 玖虞攣くぐつれ
/scp-2521-jp,SCP-2521-JP - 己見ル病
/scp-2522-jp,SCP-2522-JP - 全てに橋は架かる
/scp-2524-jp,SCP-2524-JP - 神憑り的超自然シチュー召喚技法
/scp-2525-jp,SCP-2525-JP - こちら多元宇宙超次元電話局
/scp-2529-jp,SCP-2529-JP - 向性教育
/scp-2530-jp,SCP-2530-JP - 食卓
/scp-2533-jp,SCP-2533-JP - コスモス
/scp-2535-jp,SCP-2535-JP - 全ての犬が天国に行く訳ではない(中にはどこか別な場所でご主人と一緒にいることを選ぶ者もいるだろう)
/scp-2536-jp,SCP-2536-JP - タバコと滋賀はお好きですか?
/scp-2540-jp,SCP-2540-JP - 憧景
/scp-2542-jp,SCP-2542-JP - みたらしぬえめぐり
/scp-2544-jp,SCP-2544-JP - 中途半袖
/scp-2546-jp,SCP-2546-JP - マジカルプランジャー、あるいは単なる愛の奇跡
/scp-2550-jp,SCP-2550-JP - 赤化ルベド
/scp-2551-jp,SCP-2551-JP - シューティングサファイア ～全てを造り直そう、光満ちる世界へ！～
/scp-2552-jp,SCP-2552-JP - 退職希望
/scp-2555-jp,SCP-2555-JPは存在しないファイルです。
/scp-2556-jp,SCP-2556-JP - 今、あなたが設計した収容室にいるの。
/scp-2557-jp,SCP-2557-JP - 外次元物品具現収集倉庫
/scp-2560-jp,SCP-2560-JP - 車窓の先に手は届かない
/scp-2562-jp,SCP-2562-JP - お祈られ
/scp-2565-jp,SCP-2565-JP - 魚食の置物
/scp-2566-jp,SCP-2566-JP - RETURN PARADOX
/scp-2569-jp,SCP-2569-JP - 生活
/scp-2570-jp,SCP-2570-JP - 昆虫すごいぜ
/scp-2571-jp,SCP-2571-JP - 先端から溢れ出るロマン
/scp-2575-jp,SCP-2575-JP - 居らぬ死ぬ犬要らぬ
/scp-2577-jp,SCP-2577-JP - 猫も杓子も「ニャン」と鳴く
/scp-2580-jp,SCP-2580-JP - 偉大なる死
/scp-2581-jp,SCP-2581-JP - 可愛く撮ってね☆
/scp-2585-jp,SCP-2585-JP - 小さな村で起こった熾烈なる神々の争い、そしてそれに巻き込まれる人々の今後の顛末
/scp-2587-jp,SCP-2587-JP - 誰が為の墓標
/scp-2588-jp,SCP-2588-JP - 彼ってああだから
/scp-2590-jp,SCP-2590-JP - 永映夢
/scp-2592-jp,SCP-2592-JP - 一人ここに人知れず
/scp-2595-jp,SCP-2595-JP - 《CODE:L》循環する祈り
/scp-2597-jp,SCP-2597-JP - 東弊十二試艦上戦闘機
/scp-2599-jp,SCP-2599-JP - 特等席で幕は下りる
/scp-2600-jp,SCP-2600-JP - 感染性収斂進化
/scp-2601-jp,SCP-2601-JP - わたしとやよいちゃんとみゆきちゃんと
/scp-2603-jp,SCP-2603-JP - 誰が彼を殺したか？
/scp-2606-jp,SCP-2606-JP - 夢見の理想郷を求めて
/scp-2608-jp,SCP-2608-JP - ノアザミが消えた日II: 消失前史
/scp-2609-jp,SCP-2609-JP - その椅子に座るのは
/scp-2610-jp,SCP-2610-JP - 落下者たち
/scp-2611-jp,SCP-2611-JP - Yoko Takatoの著者ページ
/scp-2613-jp,SCP-2613-JP - 霊亡
/scp-2614-jp,SCP-2614-JP - 無意識
/scp-2616-jp,SCP-2616-JP - 雪中送炭
/scp-2619-jp,SCP-2619-JP - オレオレ、オレだって！
/scp-2621-jp,SCP-2621-JP - 宙そらの灯台を
/scp-2622-jp,SCP-2622-JP - 熱唱
/scp-2624-jp,SCP-2624-JP - 延命の灰エクステンドアッシュ
/scp-2626-jp,SCP-2626-JP (SCP-262-IE) - Casadh an tSúgáin捩れたる糸
/scp-2627-jp,SCP-2627-JP - 島(ごと)流し
/scp-2630-jp,SCP-2630-JP - 十種神宝
/scp-2631-jp,SCP-2631-JP - 室外機
/scp-2632-jp,SCP-2632-JP - 夜明けの遮光
/scp-2633-jp,SCP-2633-JP - 天兎
/scp-2635-jp,SCP-2635-JP - 食べ過ぎると滅亡するマクドナルド・ポテト
/scp-2636-jp,SCP-2636-JP - 気が付いていない振りをしろ
/scp-2639-jp,SCP-2639-JP - 酒と虎と月の夜
/scp-2642-jp,SCP-2642-JP - 「筐体造り」造り
/scp-2644-jp,SCP-2644-JP - 逝く前にもう一度会いたかった
/scp-2645-jp,SCP-2645-JP - 失楽園のサイコロ
/scp-2646-jp,SCP-2646-JP - 私たちは明らかに気が付いていないか、もしくは気に留めてすらいない
/scp-2650-jp,SCP-2650-JP - 異葬
/scp-2651-jp,SCP-2651-JP - 待望の再会
/scp-2652-jp,SCP-2652-JP - アスファルト・カクテル
/scp-2654-jp,SCP-2654-JP - それが愛なら！
/scp-2655-jp,SCP-2655-JP - 【アーバンヤクザRPG】ユビ娘 プリティーケジメ【★★★☆☆[3.2]】
/scp-2656-jp,SCP-2656-JP - 槐夢
/scp-2658-jp,SCP-2658-JP - 終着点
/scp-2660-jp,SCP-2660-JP - ベルの鳴る時
/scp-2661-jp,SCP-2661-JP - 最高のパートナー
/scp-2662-jp,SCP-2662-JP - 河合家
http://scp-jp.wikidot.com/scp-2663-jp,所定の日付
/scp-2664-jp,SCP-2664-JP - 患
/scp-2665-jp,SCP-2665-JP - 匪
/scp-2666-jp,SCP-2666-JP - 泉
/scp-2667-jp,SCP-2667-JP - 沿い合う鶴
/scp-2668-jp,SCP-2668-JP - 幽遠より狩り立てるもの
/scp-2670-jp,SCP-2670-JP - 親友の頼み
/scp-2674-jp,SCP-2674-JP - ボクと契約して魔法少女業会社を設立してよ！
/scp-2675-jp,SCP-2675-JP - ズダダダダダダダダダダダダダ！王冠！
/scp-2677-jp,SCP-2677-JP - おいしいトコどり
/scp-2680-jp,SCP-2680-JP - 天界行きの風船と風船おじさん
/scp-2682-jp,SCP-2682-JP - 千秋落
/scp-2685-jp,SCP-2685-JP - 万人の友人は誰の友人にもなれない。
/scp-2687-jp,SCP-2687-JP - 生きる意味/死ぬ意味
/scp-2688-jp,SCP-2688-JP - 捌縁
/scp-2690-jp,SCP-2690-JP - Gate of Ruin
/scp-2693-jp,SCP-2693-JP - 羊が1匹
/scp-2699-jp,SCP-2699-JP - 脳味噌(だけじゃなく全身も)お花畑
/scp-2700-jp,SCP-2700-JP - かいえん3号と海底遺跡
/scp-2701-jp,SCP-2701-JP - わーい！あたらしいかぞくだ！
/scp-2702-jp,SCP-2702-JP - 武装せしは我が乙女
/scp-2703-jp,SCP-2703-JP - 渾名
/scp-2704-jp,SCP-2704-JP - お客様は一旦神様です
/scp-2705-jp,SCP-2705-JP - ふれる
/scp-2707-jp,SCP-2707-JP - 私へのはなむけ
/scp-2708-jp,SCP-2708-JP - 狐七化け、狸八化け。されど敵わぬものがいて。
/scp-2709-jp,SCP-2709-JP - タダ飯の流儀
/scp-2710-jp,SCP-2710-JP - 生命の誕生は光り輝くほど美しい
/scp-2711-jp,SCP-2711-JP - どこにだってあるごく普通のセブンイレブン
/scp-2713-jp,SCP-2713-JP - 　ング・オ　・ポッ　
/scp-2715-jp,SCP-2715-JP - ない子
/scp-2718-jp,SCP-2718-JP - お前が殺すもの
/scp-2719-jp,SCP-2719-JP - 勇気の翼
/scp-2720-jp,SCP-2720-JP - 入るな
/scp-2721-jp,SCP-2721-JP - 水面下の映写機
/scp-2722-jp,URA-2722 - 停命
/scp-2724-jp,SCP-2724-JP - X-蝉エックスミン
/scp-2726-jp,SCP-2726-JP - Perfect Rose
/scp-2727-jp,SCP-2727-JP - 濃厚で爽やかな夜の味
/scp-2729-jp,SCP-2729-JP - 雪の下ホマファナス
/scp-2730-jp,SCP-2730-JP - ボツ
/scp-2731-jp,SCP-2731-JP - 日奉稲雄
/scp-2733-jp,SCP-2733-JP - 地獄への道は善意で舗装されまくってるし、なんなら案内表示だってある
/scp-2738-jp,SCP-2738-JP - 僕の大好きなパパ！
/scp-2740-jp,SCP-2740-JP - 気にしない気にしない笑
/scp-2742-jp,SCP-2742-JP - 汝、その名の通りあれ
/scp-2744-jp,SCP-2744-JP - てるてるねこちゃん
/scp-2747-jp,SCP-2747-JP - クールダウン
/scp-2750-jp,SCP-2750-JP - 自分に嘘をつくな
/scp-2751-jp,SCP-2751-JP - 死概に鞭打つ
/scp-2753-jp,SCP-2753-JP - ある獣達の顛末
/scp-2755-jp,SCP-2755-JP - 湖底の星
/scp-2757-jp,SCP-2757-JP - 魂は我らのもの
/scp-2760-jp,SCP-2760-JP - 金に目が眩む
/scp-2761-jp,SCP-2761-JP - 金玉のブラックジャック
/scp-2766-jp,SCP-2766-JP - 耽溺
/scp-2770-jp,SCP-2770-JP - キーン
/scp-2771-jp,SCP-2771-JP - あの子のスカートの中
/scp-2772-jp,SCP-2772-JP - コンビニ傘
/scp-2775-jp,SCP-2775-JP - 噛むと死ぬガム
/scp-2776-jp,SCP-2776-JP - 特例消失事案2776-JP
/scp-2777-jp,SCP-2777-JP - L. T. F. 狂気的条件関数
/scp-2779-jp,SCP-2779-JP - 収容済み
/scp-2780-jp,SCP-2780-JP - せんぷうき
/scp-2784-jp,SCP-2784-JP - 何処かで誰かが貴方の事を話している
/scp-2788-jp,SCP-2788-JP - n人目の死んだおばあちゃん
/scp-2790-jp,SCP-2790-JP - 財団維持部門
/scp-2792-jp,SCP-2792-JP - 自慢のパパのお仕事は、
/scp-2793-jp,SCP-2793-JP - ふつうの神様
/scp-2795-jp,SCP-2795-JP - 安全で冷たい空間
/scp-2797-jp,SCP-2797-JP - 無意味なコードMeaningless Code
/scp-2799-jp,SCP-2799-JP - 継承
/scp-2800-jp,SCP-2800-JP - 件の白澤
/scp-2801-jp,SCP-2801-JP - 修行いらず
/scp-2803-jp,SCP-2803-JP - Road to ruin（滅亡への道）
/scp-2804-jp,SCP-2804-JP - ミス・[名称未設定]
/scp-2805-jp,SCP-2805-JP - 鍋の中のアメリカンショートヘア
/scp-2807-jp,SCP-2807-JP - それは夏の香りとともに
/scp-2810-jp,SCP-2810-JP - 腐敗
/scp-2811-jp,SCP-2811-JP - エレファント姦しき
/scp-2816-jp,SCP-2816-JP - 「ごめんね、でもこれ電池じゃないの」
/scp-2817-jp,SCP-2817-JP - 涸井戸鏡
/scp-2818-jp,SCP-2818-JP - シンギュラリティ・リアクター
/scp-2819-jp,SCP-2819-JP - 讃えられざる者の葬儀
/scp-2820-jp,SCP-2820-JP - ぐるぐる模様
/scp-2822-jp,SCP-2822-JP - 手と手を繋げたら
/scp-2823-jp,SCP-2823-JP - 酔っぱらいのサンタクロース
/scp-2824-jp,SCP-2824-JP - 一人親家庭に労働力を贈るサンタクロース
/scp-2828-jp,SCP-2828-JP - シュレディンガーの湯たんぽ
/scp-2830-jp,SCP-2830-JP - どうしようもないクズ、あるいは誰よりも優しかったひと
/scp-2831-jp,SCP-2831-JP - 望まれた席
/scp-2833-jp,SCP-2833-JP - SKYWELLS: THE SECOND | エリア-17の幸福論
/scp-2834-jp,SCP-2834-JP - 『彼女』に寄る。
/scp-2835-jp,SCP-2835-JP - 彼女の攻略法
/scp-2836-jp,SCP-2836-JP - クソみたいな上司は踏みつぶしてしまえ
/scp-2837-jp,SCP-2837-JP - 財団メシ：闇(じゃない)鍋
/scp-2840-jp,SCP-2840-JP - 部屋
/scp-2844-jp,SCP-2844-JP - 認知的不協和
/scp-2847-jp,SCP-2847-JP - 貴方の中に
/scp-2848-jp,SCP-2848-JP - エベレスト
/scp-2851-jp,SCP-2851-JP - もう赤は必要ない
/scp-2855-jp,SCP-2855-JP - SKYWELLS: THE FIRST
/scp-2856-jp,SCP-2856-JP - ぼくのヒーロー
/scp-2857-jp,SCP-2857-JP - 死人に口だらけ
/scp-2861-jp,SCP-2861-JP - マリーゴールドの葬列
/scp-2862-jp,SCP-2862-JP - 薄明の環
/scp-2864-jp,SCP-2864-JP - 幸取豪奪
/scp-2866-jp,SCP-2866-JP - どこから
/scp-2868-jp,SCP-2868-JP - 自由になれなかった翼のない鳥の死体たち
/scp-2870-jp,SCP-2870-JP - 幽霊のために咲く花
/scp-2872-jp,SCP-2872-JP - 祝福
/scp-2875-jp,SCP-2875-JP - ぼくはくま
/scp-2877-jp,SCP-2877-JP - もう選択なんてしたくない。
/scp-2879-jp,SCP-2879-JP - 神憑り！大(小)昆虫神格大決戦！
/scp-2880-jp,SCP-2880-JP(未登録のナンバー)
/scp-2882-jp,SCP-2882-JP - 暗号戦争 ～それは、人智を越えた神と悪魔の戦い～
/scp-2883-jp,SCP-2883-JP - 祀まつり
/scp-2888-jp,SCP-2888-JP - 治療の大天使
/scp-2890-jp,SCP-2890-JP - 冒涜
/scp-2891-jp,SCP-2891-JP - Interstellar Retribution
/scp-2892-jp,SCP-2892-JP - 守護怨霊
/scp-2893-jp,SCP-2893-JP - 闇に蠢く
/scp-2894-jp,SCP-2894-JP - 将来の夢
/scp-2896-jp,SCP-2896-JP - 日奉蔵の拡散と消失
/scp-2898-jp,SCP-2898-JP - huge────────────────────────────────────────────────────fuse
/scp-2899-jp,SCP-2899-JP - ごめん、やっぱ今のナシで
/scp-2900-jp,SCP-2900-JP - エンドロール
/scp-2901-jp,SCP-2901-JP - どっどど どどうど
/scp-2902-jp,SCP-2902-JP - 穴二つ
/scp-2903-jp,SCP-2903-JP - ナグファルの戦士達
/scp-2904-jp,SCP-2904-JP - あなたは今までブタを何人殺しましたか？
/scp-2906-jp,SCP-2906-JP - 釜茹
/scp-2909-jp,AO-2909-JP - 地獄亭
/scp-2910-jp,SCP-2910-JP - 魔法少女はマンハッタンの紅き闇を飛ぶ
/scp-2911-jp,SCP-2911-JP - 合衆国の一番長い日
/scp-2912-jp,SCP-2912-JP - 我らの壊れたる機動精神　ブロークン・ガンダム
/scp-2915-jp,SCP-2915-JP - 猿とおっさん
/scp-2918-jp,SCP-2918-JP - ペットボトルに対してのみ反ミームを発揮する少女
http://scp-jp.wikidot.com/scp-2919-jp,portal:8127494
/scp-2920-jp,SCP-2920-JP - 縊鬼
/scp-2922-jp,SCF-2922 - 今にも降り出しそうな星月の夜に
/scp-2925-jp,SCP-2925-JP - 着られ着る
/scp-2929-jp,SCP-2929-JP - 百合の箱庭
/scp-2931-jp,SCP-2931-JP - あの子だけのおともだち
/scp-2933-jp,SCP-2933-JP - 肉喰らふ 兎と共に 舟の上 巡る草木は 人の皿の上
/scp-2935-jp,SCP-2935-JP - 幻島イキマ島で見られるサーキックの文化および手話言語
/scp-2938-jp,SCP-2938-JP - THE WONDERFUL MINIATURE GARDEN
/scp-2939-jp,SCP-2939-JP - せめて最後は抵抗を
/scp-2940-jp,SCP-2940-JP - 僕/私/俺/君は知らない(少なくとも)遺体
/scp-2941-jp,SCP-2941-JP - 最終廃棄地帯
/scp-2943-jp,SCP-2943-JP - それならなぜ殺された。
/scp-2944-jp,SCP-2944-JP - 知外崩権 コトダマンの逆襲 三題噺総進撃
/scp-2945-jp,SCP-2945-JP - 鉤爪の世界
/scp-2949-jp,SCP-2949-JP - 忍法・射出成型
/scp-2950-jp,SCP-2950-JP - ああ、こんな寒い日は。
/scp-2951-jp,SCP-2951-JP - 『ビクテム村民話集』
/scp-2952-jp,SCP-2952-JP - Hellメット
/scp-2953-jp,SCP-2953-JP - 花火のこどもたち
/scp-2954-jp,SCP-2954-JP - J( 'ｰ`)しは慈悲深き君の女王
/scp-2955-jp,SCP-2955-JP - 亡きCN兄貴の為のセプテット
/scp-2956-jp,SCP-2956-JP - ヒト好きで芸術肌なお友達
/scp-2957-jp,SCP-2957-JP - ██
/scp-2959-jp,SCP-2959-JP - 「面白くない。」
/scp-2960-jp,SCP-2960-JP - これはセックスではないし、ましてやオナニーですらない
/scp-2961-jp,SCP-2961-JP - 幸運なる悪夢
/scp-2962-jp,SCP-2962-JP - ポテトチップスっていいよね！
/scp-2963-jp,SCP-2963-JP - 『恩寵を賜る者は皆、大なり小なりの苦難の中にある』
/scp-2964-jp,SCP-2964-JP(仮) - 腸で煮えくり返っていた
/scp-2965-jp,SCP-2965-JP - 味噌糞一緒
/scp-2966-jp,SCP-2966-JP - ぼくのおもちゃ王国
/scp-2967-jp,SCP-2967-JP - 「ここで無料で読めるぐらいの妥当な人生」
/scp-2969-jp,SCP-2969-JP - 腹の中まで曝け出しなよ
/scp-2970-jp,SCP-2970-JP - ナイルの賜物
/scp-2972-jp,SCP-2972-JP - 美神の力はぼくらのために
/scp-2973-jp,SCP-2973-JP - 史上最強の能力を持つ者
/scp-2975-jp,SCP-2975-JP - 「だって深夜に起きていると何か食べたくなるじゃん」
/scp-2976-jp,SCP-2976-JP - As a hole
/scp-2977-jp,SCP-2977-JP - 自動化
/scp-2980-jp,SCP-2980-JP - 正常崩壊
/scp-2982-jp,SCP-2982-JP - 肘掛けの支配者
/scp-2983-jp,SCP-2983-JP - 吊るされた天の崩壊
/scp-2984-jp,SCP-2984-JP - 800万のお客様を満足させるためには？
/scp-2985-jp,SCP-2985-JP - Mean Old World Blues
/scp-2986-jp,SCP-2986-JP - Queen of the Illegals
/scp-2987-jp,SCP-2987-JP - オオツチグモ
/scp-2988-jp,SCP-2988-JP - 輪廻からの解脱
/scp-2989-jp,SCP-2989-JP - 願いの星は青霄に昇る
/scp-2990-jp,"SCP-2990-JP - ────, that is the question."
/scp-2991-jp,SCP-2991-JP - 幸せのおすそ分け
/scp-2992-jp,SCP-2992-JP - バックドア
/scp-2993-jp,"企画案2024-993: ""まだ見ぬ一面"""
/scp-2994-jp,SCP-2994-JP - HERF効果
/scp-2995-jp,コードネーム: sanks269=solvex - 物語緩衝層
/scp-2996-jp,SCP-2996-JP - テメーが
/scp-2997-jp,SCP-2997-JP - 停泊
/scp-2998-jp,SCP-2998-JP - 涅槃寂静
/scp-2999-jp,SCP-2999-JP - アノマリー・ハラスメント
