,path,title
0,/scp-2000,SCP-2000 - Deus Ex Machina
1,/scp-2001,SCP-2001 - A Space Oddity
2,/scp-2002,SCP-2002 - A Dead Future
3,/scp-2003,SCP-2003 - Preferred Option
4,/scp-2004,SCP-2004 - Personal Data Assistants of the Gods
5,/scp-2005,SCP-2005 - Predicting the Past
6,/scp-2006,SCP-2006 - Too Spooky
7,/scp-2007,SCP-2007 - Science Fiction
8,/scp-2008,SCP-2008 - ‚Ä¶but blood must sometimes be spilled‚Ä¶
9,/scp-2009,SCP-2009 - Thomas Hoang
10,/scp-2010,SCP-2010 - No EyePhone
11,/scp-2011,SCP-2011 - Recomposing Tribesmen
12,/scp-2012,SCP-2012 - Perdidit in Tempore
13,/scp-2013,SCP-2013 - The Reptilian Meme
14,/scp-2014,SCP-2014 - Zsar Magoth
15,/scp-2015,SCP-2015 - Anart Mechas
16,/scp-2016,SCP-2016 - Wizard's Doll
17,/scp-2017,SCP-2017 - The Girl with the Made-Up Disease
18,/scp-2018,SCP-2018 - Museum of You
19,/scp-2019,SCP-2019 - Gelatinous Brain Cube
20,/scp-2020,"SCP-2020 - Cliche, Right?"
21,/scp-2021,SCP-2021 - Single-sided Paper
22,/scp-2022,SCP-2022 - Sunlight Pills‚Ñ¢
23,/scp-2023,SCP-2023 - Aidoneus' Apology
24,/scp-2024,SCP-2024 - Mixing Rod
25,/scp-2025,SCP-2025 - Cone of Humanity
26,/scp-2026,SCP-2026 - Civilization Mouthwash
27,/scp-2027,SCP-2027 - Space-Borne Organism
28,/scp-2028,SCP-2028 - Nightmare Snow Globes
29,/scp-2029,SCP-2029 - An Egg in a Jar
30,/scp-2030,SCP-2030 - LA U GH IS F UN
31,/scp-2031,SCP-2031 - Ant farm
32,/scp-2032,SCP-2032 - Father Time
33,/scp-2033,SCP-2033 - Coincidental Tree
34,/scp-2034,SCP-2034 - Tussaud's Delusion
35,/scp-2035,SCP-2035 - Instant Animals
36,/scp-2036,SCP-2036 - Fire Rabbits
37,/scp-2037,SCP-2037 - Dust Bunnies
38,/scp-2038,SCP-2038 - Unstable Standees
39,/scp-2039,SCP-2039 - Pikes 'n' Wagners
40,/scp-2040,SCP-2040 - The Iron Messenger
41,/scp-2041,SCP-2041 - Merry-Go-View
42,/scp-2042,SCP-2042 - One-man Opera
43,/scp-2043,SCP-2043 - REMEMBER ME
44,/scp-2044,SCP-2044 - Big Wigs
45,/scp-2045,SCP-2045 - Ambulatory Molasses Generator
46,/scp-2046,SCP-2046 - Mendeleev's Nightmare
47,/scp-2047,SCP-2047 - Collaboration
48,/scp-2048,SCP-2048 - The Virtual World
49,/scp-2049,SCP-2049 - The Interdimensional Weather Station
50,/scp-2050,SCP-2050 - Sciurine Crusaders
51,/scp-2051,SCP-2051 - Stromatolite Habitat
52,/scp-2052,SCP-2052 - Perpetual Motion Cloth
53,/scp-2053,SCP-2053 - Paternal Rubik's Cube
54,/scp-2054,SCP-2054 - The Double
55,/scp-2055,SCP-2055 - Voir Dire
56,/scp-2056,SCP-2056 - Tsiatko
57,/scp-2057,SCP-2057 - You Are What You Eat
58,/scp-2058,SCP-2058 - Smith Jim
59,/scp-2059,SCP-2059 - Wall of Flesh
60,/scp-2060,SCP-2060 - We Burn Every Day
61,/scp-2061,"SCP-2061 - ""Entire Local Family Chokes To Death On Single Calculator"""
62,/scp-2062,SCP-2062 - Kronecker
63,/scp-2063,SCP-2063 - A Past Vision of the Future
64,/scp-2064,SCP-2064 - Mayhem Dressed in a Suit
65,/scp-2065,SCP-2065 - Empty Inside
66,/scp-2066,SCP-2066 - Highly Visible Entity
67,/scp-2067,SCP-2067 - Shah's Guardian
68,/scp-2068,SCP-2068 - Chaos Pump
69,/scp-2069,SCP-2069 - AEGIS
70,/scp-2070,SCP-2070 - The Fingers of God
71,/scp-2071,"SCP-2071 - Sir Michael Cavendish, in the Guise of the King of Serpents"
72,/scp-2072,SCP-2072 - Prime Ministerial Pet Cemetery
73,/scp-2073,SCP-2073 - One Last Lullaby
74,/scp-2074,SCP-2074 - Sinkbait
75,/scp-2075,SCP-2075 - The Way of All Flesh
76,/scp-2076,"SCP-2076 - ""Shooting Yourself Can Increase Your Bullet Resistance"""
77,/scp-2077,SCP-2077 - Miracle Stuff
78,/scp-2078,SCP-2078 - Third Party
79,/scp-2079,SCP-2079 - The Law of the Grokodus
80,/scp-2080,SCP-2080 - Dads House
81,/scp-2081,SCP-2081 - Making Your Dreams Your Reality
82,/scp-2082,SCP-2082 - Elephas cryophilus
83,/scp-2083,SCP-2083 - Hoboken Bunion Emergency
84,/scp-2084,SCP-2084 - Anabasis
85,/scp-2085,SCP-2085 - The Black Rabbit Company
86,/scp-2086,SCP-2086 - Rerouting
87,/scp-2087,SCP-2087 - The Best of All Possible Worlds
88,/scp-2088,SCP-2088 - The MC&D Center
89,/scp-2089,SCP-2089 - /john/
90,/scp-2090,SCP-2090 - Potentially XK Tim Duncan
91,/scp-2091,SCP-2091 - A Bear and His Granddaughter
92,/scp-2092,SCP-2092 - Space Riddle
93,/scp-2093,SCP-2093 - Open Alpha
94,/scp-2094,SCP-2094 - Motormouth
95,/scp-2095,SCP-2095 - The Siege of Gyaros
96,/scp-2096,SCP-2096 - Elder Care
97,/scp-2097,SCP-2097 - The Perfect Foil
98,/scp-2098,SCP-2098 - Saint Simon's Day
99,/scp-2099,SCP-2099 - Brain in a Jar
100,/scp-2100,SCP-2100 - Tripwire
101,/scp-2101,SCP-2101 - The Imperial Army
102,/scp-2102,SCP-2102 - Got Shoggoth?
103,/scp-2103,SCP-2103 - Thought Preserves
104,/scp-2104,SCP-2104 - The King by the Tree
105,/scp-2105,SCP-2105 - Programmable Occult
106,/scp-2106,SCP-2106 - A Conspiracy of Ravens
107,/scp-2107,SCP-2107 - Diet Ghost‚Ñ¢
108,/scp-2108,SCP-2108 - Another Sun
109,/scp-2109,SCP-2109 - A Tragic Accident
110,/scp-2110,SCP-2110 - Safe Haven
111,/scp-2111,SCP-2111 - If You Can Read This‚Ä¶
112,/scp-2112,SCP-2112 - And the Meek Shall Inherit the Earth
113,/scp-2113,SCP-2113 - Haunted Liopleurodon Skull
114,/scp-2114,SCP-2114 - Technological Rodents
115,/scp-2115,SCP-2115 - Meet Other People
116,/scp-2116,SCP-2116 - Lonely Ragdoll
117,/scp-2117,"SCP-2117 - Solidarity, Stolen"
118,/scp-2118,SCP-2118 - The Lost Child
119,/scp-2119,SCP-2119 - Transmitting Parasite
120,/scp-2120,SCP-2120 - Damage Control
121,/scp-2121,SCP-2121 - Gods' Noose
122,/scp-2122,SCP-2122 - The Black Hole
123,/scp-2123,SCP-2123 - I Accidentally the Whole Universe
124,/scp-2124,SCP-2124 - Conceptual Knife
125,/scp-2125,SCP-2125 - The Hanging Tree
126,/scp-2126,SCP-2126 - Letter from Grandma
127,/scp-2127,SCP-2127 - Hinterkai-fun!
128,/scp-2128,SCP-2128 - The Liars' Cradle
129,/scp-2129,SCP-2129 - Hot-Blooded Snake
130,/scp-2130,SCP-2130 - Office Furniture
131,/scp-2131,SCP-2131 - Antipope
132,/scp-2132,SCP-2132 - Most Dangerous Fighting Exhibition and Obstacle Resort
133,/scp-2133,"SCP-2133 - Our Land, Our Bondage"
134,/scp-2134,SCP-2134 - Shelter
135,/scp-2135,SCP-2135 - 91st Street Station
136,/scp-2136,SCP-2136 - An Utterly Driven Scientist
137,/scp-2137,SCP-2137 - The Forensic Ghost Of Tupac Shakur
138,/scp-2138,"SCP-2138 - Secrets, secrets are no fun‚Ä¶"
139,/scp-2139,"SCP-2139 - Indeterminate object or objects, or possibly a memetic effect of some kind"
140,/scp-2140,SCP-2140 - Retroconverter
141,/scp-2141,SCP-2141 - Primordial Wyrm
142,/scp-2142,SCP-2142 - Just Clap Your Hands
143,/scp-2143,SCP-2143 - Singin' in the Rain
144,/scp-2144,SCP-2144 - Misconception of a Brainchild
145,/scp-2145,SCP-2145 - Seven Extra Seasons
146,/scp-2146,SCP-2146 - The Space Whale
147,/scp-2147,SCP-2147 - Neverglades
148,/scp-2148,SCP-2148 - Mr. Stripes
149,/scp-2149,SCP-2149 - A Grinder of Metal
150,/scp-2150,SCP-2150 - A Breach of Command
151,/scp-2151,SCP-2151 - The Ties That Bind Us
152,/scp-2152,SCP-2152 - Home‚Ñ¢
153,/scp-2153,SCP-2153 - Charitable Clovers
154,/scp-2154,SCP-2154 - Space nowadays
155,/scp-2155,SCP-2155 - The Mexica Government in Exile
156,/scp-2156,SCP-2156 - Red and Black
157,/scp-2157,SCP-2157 - The Human Forest
158,/scp-2158,SCP-2158 - The Gun That Never Misses
159,/scp-2159,"SCP-2159 - Head-""Kannon"""
160,/scp-2160,SCP-2160 - The Happy Place
161,/scp-2161,SCP-2161 - Blank Space
162,/scp-2162,SCP-2162 - ‚Ä¶ as normal as blueberry pie
163,/scp-2163,SCP-2163 - Hollywood
164,/scp-2164,SCP-2164 - Magical Two: Electric Boogaloo
165,/scp-2165,SCP-2165 - Irredeemable
166,/scp-2166,SCP-2166 - Foot Pope
167,/scp-2167,SCP-2167 - Demon Gate Amplifier
168,/scp-2168,SCP-2168 - Progress
169,/scp-2169,SCP-2169 - Conversational Surgery
170,/scp-2170,SCP-2170 - The Clown Vaccine
171,/scp-2171,SCP-2171 - Autumn Shepherds
172,/scp-2172,SCP-2172 - This Light Never Turns Green
173,/scp-2173,SCP-2173 - An Interdimensional Mexican Standoff
174,/scp-2174,"SCP-2174 - ""Miranda"""
175,/scp-2175,SCP-2175 - Are You Going
176,/scp-2176,SCP-2176 - Ghostlight‚Ñ¢
177,/scp-2177,SCP-2177 - Yellow Journal Infection
178,/scp-2178,SCP-2178 - Great Sage
179,/scp-2179,SCP-2179 - False Alarm
180,/scp-2180,SCP-2180 - The Living Cave Painting
181,/scp-2181,SCP-2181 - Little Lock-a-Doors
182,/scp-2182,SCP-2182 - The Big Bang
183,/scp-2183,SCP-2183 - The Ride Never Ends
184,/scp-2184,SCP-2184 - Stone Age
185,/scp-2185,SCP-2185 - The Aquaform Thaumaturgic Union
186,/scp-2186,SCP-2186 - Chameleonscaper
187,/scp-2187,SCP-2187 - Juƒùo Nova
188,/scp-2188,SCP-2188 - Life and Times of Joaqu√≠n Pablo Izquierdo de San Felipe
189,/scp-2189,SCP-2189 - Clockwork Fruit
190,/scp-2190,SCP-2190 - Phone calls from Mom
191,/scp-2191,"SCP-2191 - ""Dracula Factory"""
192,/scp-2192,"SCP-2192 - ""Milaya,"" the Atomic Child"
193,/scp-2193,"SCP-2193 - ""Monthly Termination"""
194,/scp-2194,SCP-2194 - Filth
195,/scp-2195,SCP-2195 - Sons of the Nation
196,/scp-2196,SCP-2196 - The Deep Mote
197,/scp-2197,SCP-2197 - Shop Class
198,/scp-2198,SCP-2198 - Mourning The World
199,/scp-2199,SCP-2199 - Out of the Frying Pan
200,/scp-2200,SCP-2200 - Soulberg
201,/scp-2201,SCP-2201 - Cross-Dimensional Barbershop
202,/scp-2202,SCP-2202 - A Brief Respite
203,/scp-2203,SCP-2203 - Find the One for You!
204,/scp-2204,SCP-2204 - Triple Threat: Intracommunal Men of Obscurity
205,/scp-2205,"SCP-2205 - Mr. Dwight Montgomery-Patterson, War Hero"
206,/scp-2206,SCP-2206 - Maximum League Baseball
207,/scp-2207,SCP-2207 - Dimensional Razor
208,/scp-2208,SCP-2208 - Deus in Furno
209,/scp-2209,SCP-2209 - Virtual Reality
210,/scp-2210,SCP-2210 - Policy #40535: Anomalous Intelligence
211,/scp-2211,"SCP-2211 - A .wmv, a .wav, an .exe, and a Coffee Machine"
212,/scp-2212,SCP-2212 - [MASSIVE DATABASE CORRUPTION]
213,/scp-2213,SCP-2213 - Cat People
214,/scp-2214,SCP-2214 - Economy of Scale
215,/scp-2215,SCP-2215 - I Saw the Sign
216,/scp-2216,SCP-2216 - Peripheral Visions
217,/scp-2217,SCP-2217 - Hammer and Anvil
218,/scp-2218,SCP-2218 - If I Only Had a Brain
219,/scp-2219,SCP-2219 - PORRIDGE
220,/scp-2220,SCP-2220 - Halsey's Hammer
221,/scp-2221,SCP-2221 - A Friendly Agreement
222,/scp-2222,SCP-2222 - Meschk-Mernanschordbtoum-VordhosbnV7
223,/scp-2223,SCP-2223 - Spamdexing Anime Images
224,/scp-2224,SCP-2224 - Teeter-Pult
225,/scp-2225,SCP-2225 - Repentant Lindworm
226,/scp-2226,SCP-2226 - Annihilation
227,/scp-2227,"SCP-2227 - If You See Something, Say Something"
228,/scp-2228,SCP-2228 - Foundation Playsets
229,/scp-2229,SCP-2229 - Legate of Ursa Major to the Senate and People of Rome
230,/scp-2230,SCP-2230 - An Unlicensed Neurosurgeon
231,/scp-2231,SCP-2231 - A Shared Identity
232,/scp-2232,SCP-2232 - Birdphone. Think Different.
233,/scp-2233,SCP-2233 - Sociosophy
234,/scp-2234,SCP-2234 - Great Deals on Pineal Removal
235,/scp-2235,URA-9611 - The Ozymandias Effect
236,/scp-2236,SCP-2236 - Optical Instrument
237,/scp-2237,"SCP-2237 - ""There is always a cost‚Ä¶"""
238,/scp-2238,"SCP-2238 - ""Broadcasting Live From Out of Time"""
239,/scp-2239,SCP-2239 - Gatherer of Gratitudes
240,/scp-2240,SCP-2240 - Young Floridian Couple
241,/scp-2241,SCP-2241 - Cameron The Crusader
242,/scp-2242,SCP-2242 - Technical Difficulties
243,/scp-2243,SCP-2243 - Peep Peepers
244,/scp-2244,SCP-2244 - Partition E
245,/scp-2245,SCP-2245 - A Dream's Nightmare
246,/scp-2246,SCP-2246 - You Set the Scene
247,/scp-2247,"SCP-2247 - ""What did I go through to seek a new employer?"""
248,/scp-2248,SCP-2248 - The Temple of Luna Primogenita
249,/scp-2249,SCP-2249 - The Failed Dreamland
250,/scp-2250,SCP-2250 - Duck Hunt
251,/scp-2251,SCP-2251 - The Prince
252,/scp-2252,SCP-2252 - Pulling Clothesline
253,/scp-2253,SCP-2253 - The Alcohol Republic
254,/scp-2254,SCP-2254 - The Demon La Hire
255,/scp-2255,SCP-2255 - The Most Interesting Rainstorm in the World
256,/scp-2256,SCP-2256 - Very Tall Things
257,/scp-2257,SCP-2257 - House God
258,/scp-2258,SCP-2258 - The Great Escape
259,/scp-2259,SCP-2259 - Survival of the Foetest
260,/scp-2260,SCP-2260 - Traveler's Journal
261,/scp-2261,SCP-2261 - Community Policing
262,/scp-2262,SCP-2262 - The Maddening Font
263,/scp-2263,SCP-2263 - The Skeleton Gallery
264,/scp-2264,SCP-2264 - In the Court of Alagadda
265,/scp-2265,SCP-2265 - Dinner with Andrew
266,/scp-2266,SCP-2266 - For the World to Dictate Her Death
267,/scp-2267,SCP-2267 - Vibrations
268,/scp-2268,SCP-2268 - Loaf Page
269,/scp-2269,SCP-2269 - Grandma Spider
270,/scp-2270,SCP-2270 - An Unnecessary Utilization of Excessive Force
271,/scp-2271,SCP-2271 - Factory Loans
272,/scp-2272,"SCP-2272 - Ellis Canastota, P, Pensacola Blue Wahoos"
273,/scp-2273,"SCP-2273 - Major Alexei Belitrov, of the Red Army's 22nd Armored Infantry Division"
274,/scp-2274,SCP-2274 - He Stands
275,/scp-2275,SCP-2275 - Where Muses Go
276,/scp-2276,SCP-2276 - Too many GRACE
277,/scp-2277,SCP-2277 - Andronika Optima Maxima
278,/scp-2278,SCP-2278 - Und ruhig flie√üt der Rhein
279,/scp-2279,SCP-2279 - THE PEOPLE'S PET STORE
280,/scp-2280,SCP-2280 - Extra Nightly Cow
281,/scp-2281,SCP-2281 - Backseat Driver
282,/scp-2282,SCP-2282 - Goat.
283,/scp-2283,SCP-2283 - Spirit Bomb
284,/scp-2284,SCP-2284 - Mr. Lie
285,/scp-2285,SCP-2285 - Cloudivores
286,/scp-2286,SCP-2286 - If You Build a Better Mousetrap‚Ä¶
287,/scp-2287,SCP-2287 - Mr. Headless
288,/scp-2288,SCP-2288 - Copy of A
289,/scp-2289,SCP-2289 - The Devils' Eyes
290,/scp-2290,SCP-2290 - It's fine.
291,/scp-2291,SCP-2291 - FUN BOX
292,/scp-2292,SCP-2292 - Gorilla beringei necromantiae
293,/scp-2293,SCP-2293 - An Inside Joke
294,/scp-2294,SCP-2294 - The Problems At Hand
295,/scp-2295,SCP-2295 - The Bear with a Heart of Patchwork
296,/scp-2296,SCP-2296 - Emperor Penguin Tube Mommas
297,/scp-2297,SCP-2297 - The Killer Thermostat
298,/scp-2298,SCP-2298 - Life in a Plastic Box
299,/scp-2299,SCP-2299 - Cephalensis-9
300,/scp-2300,SCP-2300 - Periodic Golems
301,/scp-2301,SCP-2301 - Slayer's Song
302,/scp-2302,SCP-2302 - The Ditz
303,/scp-2303,SCP-2303 - Tower of Silence
304,/scp-2304,"SCP-2304 - ""Like This Image To Die Instantly"""
305,/scp-2305,SCP-2305 - great ideas that are TOTALY USELESS (lulz)
306,/scp-2306,SCP-2306 - Revenant AI
307,/scp-2307,SCP-2307 - The Pen Is Mightier
308,/scp-2308,SCP-2308 - Futures Trading
309,/scp-2309,SCP-2309 - Iron Wall of Dhul-Qarnayn
310,/scp-2310,SCP-2310 - The House That Makes You Sarah Palmer
311,/scp-2311,SCP-2311 - Baby Wizard
312,/scp-2312,SCP-2312 - A Petty King
313,/scp-2313,SCP-2313 - Sensory Deprivation
314,/scp-2314,SCP-2314 - –ü—Ä–æ–µ–∫—Ç –°—Ç–µ–±–µ–ª—å—á–∞—Ç—ã–π –ì–ª–∞–∑
315,/scp-2315,SCP-2315 - Mother Always Knows
316,/scp-2316,SCP-2316 - Field Trip
317,/scp-2317,SCP-2317 - A Door to Another World
318,/scp-2318,SCP-2318 - Country Club Nuisance
319,/scp-2319,SCP-2319 - Mirrored Shipwreck
320,/scp-2320,SCP-2320 - A Trolley
321,/scp-2321,SCP-2321 - Foor Th'luv Uv God Doont Yuuz It
322,/scp-2322,SCP-2322 - Being Shirley Gillespie
323,/scp-2323,SCP-2323 - Sentinel Butcher
324,/scp-2324,SCP-2324 - Her Majesty's Navy
325,/scp-2325,SCP-2325 - Involuntary Bullet Catching
326,/scp-2326,SCP-2326 - Phantom Bomber Fleet
327,/scp-2327,SCP-2327 - Gastroesophageal Squirrels
328,/scp-2328,SCP-2328 - The Hoarder's Son
329,/scp-2329,SCP-2329 - ‚Ä¶But Nobody's Home
330,/scp-2330,SCP-2330 - A Convincing Whiteboard
331,/scp-2331,SCP-2331 - SCRAVECROW
332,/scp-2332,SCP-2332 - Thought Messenger
333,/scp-2333,SCP-2333 - One Week To Live
334,/scp-2334,SCP-2334 - Every Possible Photograph
335,/scp-2335,SCP-2335 - The Filmmaker
336,/scp-2336,SCP-2336 - The Word
337,/scp-2337,"SCP-2337 - ""Dr. Spanko"""
338,/scp-2338,SCP-2338 - An Unorthodox Adoption
339,/scp-2339,SCP-2339 - Bumblebee Philharmonic Orchestra
340,/scp-2340,SCP-2340 - Homesick Hills
341,/scp-2341,SCP-2341 - Welcome Home
342,/scp-2342,SCP-2342 - Discordianisme Syncr√©tiste
343,/scp-2343,SCP-2343 - How I Got To Memphis
344,/scp-2344,SCP-2344 - The DoorWay
345,/scp-2345,SCP-2345 - Gray Anatomy
346,/scp-2346,SCP-2346 - Die Bescheidene
347,/scp-2347,SCP-2347 - Maxwell's Phoenix
348,/scp-2348,SCP-2348 - sky
349,/scp-2349,SCP-2349 - Transmitting Ants
350,/scp-2350,SCP-2350 - From the Mind of Malinalxochitl
351,/scp-2351,SCP-2351 - A Wild Goose Chase
352,/scp-2352,SCP-2352 - A Sorta-Dead Vlogger and Their Clingy Extradimensional Fan
353,/scp-2353,"SCP-2353 - The Mannequin That Will No Longer Put Up With This Shit, Honestly"
354,/scp-2354,SCP-2354 - Reasonable Accommodations
355,/scp-2355,SCP-2355 - 'They Grow up so Fast'
356,/scp-2356,SCP-2356 - Skylar's Wand
357,/scp-2357,SCP-2357 - The Perfect SCP
358,/scp-2358,SCP-2358 - I've seen this somewhere before‚Ä¶
359,/scp-2359,"SCP-2359 - Yesterday, Upon the Stair"
360,/scp-2360,SCP-2360 - Cog of Duty
361,/scp-2361,SCP-2361 - Recurring Board Position
362,/scp-2362,SCP-2362 - Not a Planet
363,/scp-2363,SCP-2363 - The Womb Farm
364,/scp-2364,SCP-2364 - Shaped Like Itself
365,/scp-2365,SCP-2365 - The universe is trying to tell you that it hates you
366,/scp-2366,SCP-2366 - Ils coop√©raient ensemble
367,/scp-2367,SCP-2367 - Splatzshtaffel
368,/scp-2368,SCP-2368 - Across the Water
369,/scp-2369,SCP-2369 - Suburban Dollhouse
370,/scp-2370,"SCP-2370 - Undo It, Retry It"
371,/scp-2371,SCP-2371 - A Secret Admirer
372,/scp-2372,SCP-2372 - Soulmates
373,/scp-2373,SCP-2373 - Behind You
374,/scp-2374,SCP-2374 - Transporting Washing Machines
375,/scp-2375,SCP-2375 - We're All The Same Down Here
376,/scp-2376,SCP-2376 - Crow's Revenge
377,/scp-2377,SCP-2377 - Your House
378,/scp-2378,SCP-2378 - Tissue Dome
379,/scp-2379,SCP-2379 - Roach Motel
380,/scp-2380,SCP-2380 - The Left Kidney of Junior Researcher √òstergaard
381,/scp-2381,SCP-2381 - Call of the Hyphae
382,/scp-2382,SCP-2382 - The Queen's Gallery
383,/scp-2383,SCP-2383 - A Different Kind of Light
384,/scp-2384,SCP-2384 - The Biggest Duck of All
385,/scp-2385,SCP-2385 - Somewhere In The Between
386,/scp-2386,SCP-2386 - Pink Ladies
387,/scp-2387,SCP-2387 - Raze and Build and Raze and Build
388,/scp-2388,SCP-2388 - CRUISE.EXE
389,/scp-2389,SCP-2389 - Midas Magpie
390,/scp-2390,SCP-2390 - Illuminitis
391,/scp-2391,SCP-2391 - Bimmy Plays
392,/scp-2392,SCP-2392 - Barrel of Monkeys
393,/scp-2393,SCP-2393 - Trees These Days
394,/scp-2394,SCP-2394 - Solitude
395,/scp-2395,SCP-2395 - $585.98
396,/scp-2396,SCP-2396 - Ms. Sweetie
397,/scp-2397,SCP-2397 - Homesickness
398,/scp-2398,SCP-2398 - Home Run Bat
399,/scp-2399,SCP-2399 - A Malfunctioning Destroyer
400,/scp-2400,SCP-2400 - Temporal Dilation Facility
401,/scp-2401,SCP-2401 - Mary Had a Little Lamb
402,/scp-2402,SCP-2402 - That Takes Me Back
403,/scp-2403,SCP-2403 - The Air Stair
404,/scp-2404,SCP-2404 - Enki & Enki
405,/scp-2405,SCP-2405 - 2017_acf_nats_fianls.mp4
406,/scp-2406,SCP-2406 - The Colossus
407,/scp-2407,SCP-2407 - Learned Helplessness
408,/scp-2408,SCP-2408 - Orok's Fall
409,/scp-2409,SCP-2409 - Lost Precinct
410,/scp-2410,SCP-2410 - We Are Beary Sorry
411,/scp-2411,SCP-2411 - Internal Affairs
412,/scp-2412,SCP-2412 - Cassandra Bot
413,/scp-2413,SCP-2413 - Critical Thinking
414,/scp-2414,SCP-2414 - UnSCiPpable
415,/scp-2415,SCP-2415 - One Half of a Two-Hander
416,/scp-2416,SCP-2416 - The Day the Clown Died
417,/scp-2417,"SCP-2417 - Gods, the Universes, and Origami"
418,/scp-2418,SCP-2418 - Hadrian's Well
419,/scp-2419,SCP-2419 - The Laughing Men
420,/scp-2420,SCP-2420 - A Good Dog
421,/scp-2421,SCP-2421 - Don't let the bathbugs bite
422,/scp-2422,SCP-2422 - A Friendly Family
423,/scp-2423,SCP-2423 - Site-‚ñà‚ñà
424,/scp-2424,SCP-2424 - Hostile Walrus Cyborg research ongoing
425,/scp-2425,SCP-2425 - Fifth Church Recruitment Tool
426,/scp-2426,SCP-2426 - FutureSkip/LuxeShop
427,/scp-2427,SCP-2427 - A Thing Full of Stuff
428,/scp-2428,SCP-2428 - Mr. Mad
429,/scp-2429,SCP-2429 - The Human Zoo
430,/scp-2430,SCP-2430 - Immortal Hitler Clone
431,/scp-2431,SCP-2431 - 1000 Prion Cranes
432,/scp-2432,SCP-2432 - Room Service
433,/scp-2433,SCP-2433 - This definitely does not help Bernie Sanders
434,/scp-2434,SCP-2434 - Carmageddon
435,/scp-2435,SCP-2435 - Empty Space
436,/scp-2436,SCP-2436 - One of the Hulduf√≥lk
437,/scp-2437,SCP-2437 - The Man in the Box
438,/scp-2438,SCP-2438 - There Is No Hunger in the Lee of the Stone
439,/scp-2439,SCP-2439 - [SLOT UNALLOCATED]
440,/scp-2440,SCP-2440 - The Sealed King
441,/scp-2441,SCP-2441 - Almost Eight
442,/scp-2442,SCP-2442 - Sometimes Therapy Is Merely Painful Truths
443,/scp-2443,SCP-2443 - A Heap of Deloaches
444,/scp-2444,SCP-2444 - Flea Circus
445,/scp-2445,SCP-2445 - Wondertainment Logistics
446,/scp-2446,"SCP-2446 - Mobile Task Force Lambda-5 (""White Rabbits"")"
447,/scp-2447,SCP-2447 - Modular Animals
448,/scp-2448,SCP-2448 - Castle of Guillaume the Guildmaster
449,/scp-2449,SCP-2449 - Unexpected Confinement
450,/scp-2450,SCP-2450 - Teeth
451,/scp-2451,"SCP-2451 - Love Through Time, Space and Species"
452,/scp-2452,SCP-2452 - A Collection of Photographs
453,/scp-2453,SCP-2453 - Pregnancy Test
454,/scp-2454,"SCP-2454 - Shine, shine my Fallen Star"
455,/scp-2455,SCP-2455 - Possibilities Girl
456,/scp-2456,SCP-2456 - Dreams of a Broken World
457,/scp-2457,"SCP-2457 - ÊØç„ÇíË¶ã„Åü„ÅÑ (""haha o mitai"")"
458,/scp-2458,SCP-2458 - Music Hath Charms
459,/scp-2459,SCP-2459 - When the Traffic Clears
460,/scp-2460,SCP-2460 - Dark Satellite
461,/scp-2461,SCP-2461 - Aftermath
462,/scp-2462,"SCP-2462 - I'm so tired of fake friends, drama, liars, being ignored, and getting hurt"
463,/scp-2463,SCP-2463 - An Emperor's Debt
464,/scp-2464,SCP-2464 - Suspension
465,/scp-2465,"SCP-2465 - ""Sadness is Temporary"""
466,/scp-2466,SCP-2466 - Slay Dragon Save City
467,/scp-2467,SCP-2467 - A Sum Greater Than Its Parts
468,/scp-2468,SCP-2468 - Wounded Child
469,/scp-2469,SCP-2469 - Sunny Valley
470,/scp-2470,SCP-2470 - The Void Singularity
471,/scp-2471,SCP-2471 - That's the way the cookie crumbles.
472,/scp-2472,SCP-2472 - A Small Metal Air Coupler That Is Apparently Not Anomalous
473,/scp-2473,"SCP-2473 - Better Hide, Better Run"
474,/scp-2474,SCP-2474 - Irnini Mons
475,/scp-2475,SCP-2475 - Culinary Deduction
476,/scp-2476,SCP-2476 - I Didn't Expect That
477,/scp-2477,SCP-2477 - Inertial Dampeners
478,/scp-2478,SCP-2478 - Ordinary Japanese People
479,/scp-2479,SCP-2479 - Animaland!
480,/scp-2480,SCP-2480 - An Unfinished Ritual
481,/scp-2481,SCP-2481 - Kill the Suns
482,/scp-2482,SCP-2482 - Liquid Itch
483,/scp-2483,SCP-2483 - Sad Swingset
484,/scp-2484,SCP-2484 - Parasitic Mayonnaise Worms
485,/scp-2485,SCP-2485 - Drunkard's Dream
486,/scp-2486,SCP-2486 - Pomegarrote
487,/scp-2487,SCP-2487 - Postman Chasers
488,/scp-2488,SCP-2488 - Safety Harbor Milk Delivery Service
489,/scp-2489,SCP-2489 - A Political Machine
490,/scp-2490,SCP-2490 - Chaos Insurgency Special Operative Alpha-19
491,/scp-2491,SCP-2491 - Sean Connery Ovipositing 300 Eggs Daily
492,/scp-2492,SCP-2492 - Soul Beacon
493,/scp-2493,SCP-2493 - One Man's Garbage
494,/scp-2494,SCP-2494 - Soft Hands
495,/scp-2495,SCP-2495 - The Well and the Pit
496,/scp-2496,SCP-2496 - A New Parallel Postulate
497,/scp-2497,SCP-2497 - Home for the CactusNights
498,/scp-2498,SCP-2498 - The Rainbow Body
499,/scp-2499,SCP-2499 - Harmony of the Spheres
500,/scp-2500,SCP-2500 - A Higher Purpose
501,/scp-2501,SCP-2501 - The Claw
502,/scp-2502,SCP-2502 - B#
503,/scp-2503,"SCP-2503 - Estimated Distance: 9,216 Years"
504,/scp-2504,"SCP-2504 - Embry-Os, The World's Most Popular Fetus Based Cereal Product!"
505,/scp-2505,SCP-2505 - Entry Creation Wizard
506,/scp-2506,SCP-2506 - Niles is a Fixer
507,/scp-2507,SCP-2507 - A Web Of Cliques
508,/scp-2508,SCP-2508 - The Long Wait
509,/scp-2509,SCP-2509 - Hardware Pets
510,/scp-2510,SCP-2510 - Our Broken Salvation
511,/scp-2511,SCP-2511 - Kappa Population Distribution: More in Mongolia than anywhere else
512,/scp-2512,SCP-2512 - An Anomalous Area In Arizona
513,/scp-2513,"SCP-2513 - Also, Carthage Must Be Destroyed"
514,/scp-2514,SCP-2514 - Make-The-Tears-Go-Away Pony
515,/scp-2515,SCP-2515 - Napoleon Crossing the Urals
516,/scp-2516,SCP-2516 - The Man from Taured
517,/scp-2517,SCP-2517 - This One Time I Saw God On Shrooms
518,/scp-2518,SCP-2518 - Mountain Folk
519,/scp-2519,SCP-2519 - Cry me a river
520,/scp-2520,SCP-2520 - The Special Court
521,/scp-2521,SCP-2521 - ‚óè‚óè|‚óè‚óè‚óè‚óè‚óè|‚óè‚óè|‚óè
522,/scp-2522,SCP-2522 - hatbot.aic
523,/scp-2523,SCP-2523 - Goblin Market
524,/scp-2524,SCP-2524 - No Strings
525,/scp-2525,SCP-2525 - Extraterrestrial Broadcaster
526,/scp-2526,SCP-2526 - Autophantotrophic
527,/scp-2527,SCP-2527 - Massy's Big Chance
528,/scp-2528,SCP-2528 - Panda Processors
529,/scp-2529,SCP-2529 - Rest in Peace
530,/scp-2530,SCP-2530 - The Emerald Choir
531,/scp-2531,SCP-2531 - The Pumpkin Man
532,/scp-2532,SCP-2532 - Now Hiring
533,/scp-2533,SCP-2533 - Disinformation Document
534,/scp-2534,SCP-2534 - Future Pennies
535,/scp-2535,"SCP-2535 - Printers that Eat, and Eaters that Print"
536,/scp-2536,SCP-2536 - The Gift That Keeps On Giving
537,/scp-2537,SCP-2537 - Werebricks
538,/scp-2538,SCP-2538 - The Perfect Escape
539,/scp-2539,SCP-2539 - Highway to Hell
540,/scp-2540,SCP-2540 - Time Lime
541,/scp-2541,"SCP-2541 - Like a Lemon, Sexuality Looks Beautiful and Alluring‚Ä¶"
542,/scp-2542,SCP-2542 - Grinds Exceeding Small
543,/scp-2543,SCP-2543 - Our Harriet
544,/scp-2544,SCP-2544 - The Call of the Void
545,/scp-2545,SCP-2545 - The Gummy Barrel
546,/scp-2546,SCP-2546 - A Retroviral Nightmare
547,/scp-2547,SCP-2547 - Dog Days Of Summer
548,/scp-2548,SCP-2548 - The Friendly Vacuum
549,/scp-2549,SCP-2549 - Animal Assassins
550,/scp-2550,SCP-2550 - Depressed Albatross
551,/scp-2551,"SCP-2551 - ""I could've sworn I just saw‚Ä¶"""
552,/scp-2552,SCP-2552 - A Delusion's Desperation
553,/scp-2553,SCP-2553 - Juridical Person
554,/scp-2554,SCP-2554 - Duckweed
555,/scp-2555,SCP-2555 - Growing Up
556,/scp-2556,SCP-2556 - Indefinitely Suspended Stratojet
557,/scp-2557,"SCP-2557, A Holding of Envelope Logistics¬Æ - A Holding of Envelope Logistics¬Æ"
558,/scp-2558,SCP-2558 - Horseshoe Beach First Baptist Church (Relocated)
559,/scp-2559,"SCP-2559 - ""I've Heard There's Something Going Around"""
560,/scp-2560,SCP-2560 - Polar Opposites
561,/scp-2561,SCP-2561 - Pet Radio Mast
562,/scp-2562,SCP-2562 - RTFM
563,/scp-2563,SCP-2563 - Bones of Contention
564,/scp-2564,SCP-2564 - Willow Glen Community Hospital
565,/scp-2565,Allison Eckhart - Allison Eckhart
566,/scp-2566,SCP-2566 - Demurrage
567,/scp-2567,SCP-2567 - A Kindly Corpse Warden
568,/scp-2568,SCP-2568 - Snap To Grid
569,/scp-2569,SCP-2569 - Blood Lamp
570,/scp-2570,SCP-2570 - MCA and Heartbreak
571,/scp-2571,SCP-2571 - Cragglewood Park
572,/scp-2572,SCP-2572 - Broken Dreams on Dekalb Avenue
573,/scp-2573,SCP-2573 - I ain‚Äôt never heard of no commy Fifthists or nothin'.
574,/scp-2574,SCP-2574 - What Rough Beast
575,/scp-2575,SCP-2575 - Dreaming of Outer Space
576,/scp-2576,SCP-2576 - Joseph and the Technicolor Dream Goat
577,/scp-2577,SCP-2577 - Falling Ships
578,/scp-2578,"SCP-2578 - ""This Machine Kills Fascists"""
579,/scp-2579,SCP-2579 - Grail's Dancing Bears
580,/scp-2580,SCP-2580 - Father-Daughter Project
581,/scp-2581,SCP-2581 - Greeting Card Rapture
582,/scp-2582,SCP-2582 - Hammer & Nail
583,/scp-2583,SCP-2583 - Dust to Dust
584,/scp-2584,SCP-2584 - Loop Snakes
585,/scp-2585,SCP-2585 - Savage Mountain
586,/scp-2586,SCP-2586 - That's Not My Name
587,/scp-2587,SCP-2587 - The Odd Family of Martha Fern
588,/scp-2588,SCP-2588 - The Collective Consciousness of Arthur H. Jones
589,/scp-2589,SCP-2589 - Don't Leave Me This Way
590,/scp-2590,SCP-2590 - Trailer Trash
591,/scp-2591,SCP-2591 - Il duca avr√† la vendetta
592,/scp-2592,SCP-2592 - Milk and Bananas
593,/scp-2593,SCP-2593 - Donut Jimmy
594,/scp-2594,SCP-2594 - Extradimensional Waiting Room
595,/scp-2595,SCP-2595 - A Hastened Evolution
596,/scp-2596,SCP-2596 - A Big Ship-load
597,/scp-2597,SCP-2597 - Minus-Two Kilograms
598,/scp-2598,SCP-2598 - Traveling Moth Salesman
599,/scp-2599,SCP-2599 - Not Good Enough
600,/scp-2600,SCP-2600 - The Empty Box
601,/scp-2601,SCP-2601 - They Say You Die Twice
602,/scp-2602,SCP-2602 - Exbibliothetic
603,/scp-2603,SCP-2603 - Its Maiden Voyage
604,/scp-2604,SCP-2604 - Not A Fence
605,/scp-2605,SCP-2605 - Caretaker
606,/scp-2606,SCP-2606 - Verminous Vessel
607,/scp-2607,SCP-2607 - Herpes ERPlex
608,/scp-2608,SCP-2608 - Anomalous Indicator Species
609,/scp-2609,SCP-2609 - Traveling Lamp
610,/scp-2610,SCP-2610 - Procreation
611,/scp-2611,SCP-2611 - Large and In Charge
612,/scp-2612,SCP-2612 - The Weight of the World A Donkey and Its Cart
613,/scp-2613,SCP-2613 - Never Leave the Fallen
614,/scp-2614,SCP-2614 - Sometimes I Go Out In Pity For Myself
615,/scp-2615-j,SCP-2615 - If You Believe
616,/scp-2616,"SCP-2616 - Shoo, Fly"
617,/scp-2617,SCP-2617 - Winter Battalion Command
618,/scp-2618,"SCP-2618 - This Is How Confidentiality Works, Right?"
619,/scp-2619,SCP-2619 - The Mocking Birds
620,/scp-2620,SCP-2620 - Food Critique
621,/scp-2621,SCP-2621 - Knocking on Heaven's Door
622,/scp-2622,SCP-2622 - Ambassador from the Mole People
623,/scp-2623,SCP-2623 - Distance
624,/scp-2624,SCP-2624 - Laika's Sweetheart Space-Beacon
625,/scp-2625,SCP-2625 - Chipperee Mine
626,/scp-2626,SCP-2626 - Large Format Camera
627,/scp-2627,SCP-2627 - Boardwalk Empire
628,/scp-2628,SCP-2628 - Efficient Tenders of the Artifice
629,/scp-2629,SCP-2629 - The Twenty-Nine Year Paintball War
630,/scp-2630,SCP-2630 - Stock Of A Sort
631,/scp-2631,SCP-2631 - Standard Containment Planet
632,/scp-2632,SCP-2632 - No Fury
633,/scp-2633,SCP-2633 - Narcotic Crustaceans
634,/scp-2634,SCP-2634 - A Higher Power
635,/scp-2635,SCP-2635 - Hot Potato
636,/scp-2636,SCP-2636 - The Last Daughter of Thsassashan'aa
637,/scp-2637,"SCP-2637 - A controversial chunk of rock with 196,884-dimensional stakes"
638,/scp-2638,SCP-2638 - Alone in a Crowded Room
639,/scp-2639,SCP-2639 - Video Game Violence
640,/scp-2640,SCP-2640 - The Gurdon Lights
641,/scp-2641,SCP-2641 - The Talk Spore
642,/scp-2642,"SCP-2642 - ""Half of an Elephant's Face"""
643,/scp-2643,SCP-2643 - A Remembered Pet
644,/scp-2644,SCP-2644 - LostPerson
645,/scp-2645,SCP-2645 - Through the Looking Glass
646,/scp-2646,SCP-2646 - Water Tower
647,/scp-2647,SCP-2647 - Premium
648,/scp-2648,SCP-2648 - CJ's Shroom Farm and the Angering of the Fleshball on Acid
649,/scp-2649,SCP-2649 - Multidimensional Ceramic Omnivore
650,/scp-2650,SCP-2650 - Pediatric Pupaphobia
651,/scp-2651,SCP-2651 - Gazing Upon a Failed Future
652,/scp-2652,"SCP-2652 - That Deaf, Dumb and Blind Kid"
653,/scp-2653,SCP-2653 - Sausages
654,/scp-2654,SCP-2654 - 1001 Arabian Snacks
655,/scp-2655,SCP-2655 - The Third Frog
656,/scp-2656,SCP-2656 - The Idiot Box
657,/scp-2657,SCP-2657 - Puppet Master
658,/scp-2658,SCP-2658 - A Convincing Proxy
659,/scp-2659,SCP-2659 - Finback Whale Psychopomp
660,/scp-2660,SCP-2660 - An object that removes darkness
661,/scp-2661,SCP-2661 - The Hoof Diary
662,/scp-2662,SCP-2662 - cthulhu f'UCK OFF!
663,/scp-2663,SCP-2663 - Dionysus
664,/scp-2664,SCP-2664 - Redline
665,/scp-2665,SCP-2665 - The Miner's Escape
666,/scp-2666,SCP-2666 - Isles of Creation
667,/scp-2667,SCP-2667 - The Sightseers of Provence
668,/scp-2668,SCP-2668 - We who are about to die salute you
669,/scp-2669,SCP-2669 - Khevtuul 1
670,/scp-2670,SCP-2670 - Somebody Else's God
671,/scp-2671,"SCP-2671 - My buddy, the bird"
672,/scp-2672,SCP-2672 - Baby Monitor
673,/scp-2673,SCP-2673 - The Hunter in Words
674,/scp-2674,"SCP-2674 - An Ancient, Submerged Burial Ground"
675,/scp-2675,SCP-2675 - The Cradle
676,/scp-2676,SCP-2676 - For S
677,/scp-2677,SCP-2677 - Obfuscation
678,/scp-2678,SCP-2678 - The Vorehole
679,/scp-2679,SCP-2679 - The Many Graves of Jeannette Parslov
680,/scp-2680,SCP-2680 - The Gorillas Simply Freeze to Death
681,/scp-2681,SCP-2681 - Animal Man
682,/scp-2682,SCP-2682 - The Blind Idiot
683,/scp-2683,SCP-2683 - Proboscidea Pilgrimage
684,/scp-2684,SCP-2684 - Where's the Beach?
685,/scp-2685,SCP-2685 - Thinking in Abstraction
686,/scp-2686,SCP-2686 - Moon Wizard
687,/scp-2687,SCP-2687 - Instant Organs
688,/scp-2688,SCP-2688 - Enammu
689,/scp-2689,"SCP-2689 - The Smooth, Rich Taste of Marlboro"
690,/scp-2690,SCP-2690 - Angel's Tongue
691,/scp-2691,SCP-2691 - Covered Bridge
692,/scp-2692,SCP-2692 - Remains of Subterranean France
693,/scp-2693,SCP-2693 - Transcendent Trial-and-error
694,/scp-2694,SCP-2694 - These Old Bones
695,/scp-2695,SCP-2695 - Lucibelle Perhacs
696,/scp-2696,SCP-2696 - The Haunted Victorian Mansion of Dark Peak
697,/scp-2697,SCP-2697 - Fire Season
698,/scp-2698,SCP-2698 - O Great One Communing Human via Computer
699,/scp-2699,SCP-2699 - Counterfeit Creatures
700,/scp-2700,SCP-2700 - Teleforce
701,/scp-2701,SCP-2701 - True Solitary
702,/scp-2702,SCP-2702 - Professor Abnormal's Science Lab
703,/scp-2703,SCP-2703 - For a Good Time Call
704,/scp-2704,SCP-2704 - üï∑Ô∏è Beetle Royale üï∑Ô∏è
705,/scp-2705,SCP-2705 - Caged in Earth
706,/scp-2706,SCP-2706 - Resurrection Forest
707,/scp-2707,SCP-2707 - The Ratatoskr Lineage
708,/scp-2708,SCP-2708 - My Memetic Waifu
709,/scp-2709,SCP-2709 - Can Anyone Hear You Scream?
710,/scp-2710,SCP-2710 - A Certain Breach
711,/scp-2711,SCP-2711 - ÂÆöÊµ∑Á•ûÈíà Â¶ÇÊÑèÈáëÁÆçÊ£í
712,/scp-2712,SCP-2712 - The Entry for SCP-2712 in the Foundation Database
713,/scp-2713,SCP-2713 - Exotic Stars
714,/scp-2714,SCP-2714 - Billions of Blue Blistering
715,/scp-2715,SCP-2715 - Guilty Sister
716,/scp-2716,SCP-2716 - ASTRONAUT SMITH'S SPACE-TACULAR TREASURE HUNT!
717,/scp-2717,SCP-2717 - Fatberg
718,/scp-2718,SCP-2718 - What Happens After
719,/scp-2719,SCP-2719 - Inside
720,/scp-2720,SCP-2720 - Penguin Honeymoon Suite
721,/scp-2721,SCP-2721 - Eli and Lyris
722,/scp-2722,SCP-2722 - Straight on 'Til Morning
723,/scp-2723,SCP-2723 - The Prophet's Tower
724,/scp-2724,SCP-2724 - X-Man
725,/scp-2725,SCP-2725 - Akron and Nemesis
726,/scp-2726,SCP-2726 - Post Ghost
727,/scp-2727,SCP-2727 - –î–æ–±—Ä—ã—Ö –º—É–∂—á–∏–Ω
728,/scp-2728,SCP-2728 - On the Barcelona Skyline
729,/scp-2729,SCP-2729 - What is it Good For?
730,/scp-2730,SCP-2730 - Q U A C K - Q U A C K
731,/scp-2731,SCP-2731 - When Hell Freezes Over
732,/scp-2732,SCP-2732 - „ÄäÁº¢ÁéãÊú¨Á∫™„Äã
733,/scp-2733,SCP-2733 - Head Cabinet
734,/scp-2734,SCP-2734 - Exodus of the Clowns
735,/scp-2735,SCP-2735 - Ancient Methanogens
736,/scp-2736,SCP-2736 - The Age of Nixon
737,/scp-2737,SCP-2737 - A Dead Lamprey
738,/scp-2738,SCP-2738 - Anticapitalist POS System
739,/scp-2739,SCP-2739 - Ab Inconvenienti
740,/scp-2740,SCP-2740 - It Wasn't There
741,/scp-2741,SCP-2741 - A Sinister Device
742,/scp-2742,SCP-2742 - Caelivorous Remnants
743,/scp-2743,SCP-2743 - Suttungr Nevermore
744,/scp-2744,SCP-2744 - „Å¶„Çã„Å¶„Çã„Éç„Ç≥„Å°„ÇÉ„Çì
745,/scp-2745,SCP-2745 - Linda Perhacs
746,/scp-2746,SCP-2746 - ‚ñà‚ñà‚ñà‚ñà is dead.
747,/scp-2747,"SCP-2747 - As below, so above"
748,/scp-2748,SCP-2748 - Driving Roadkill from Xiangxi
749,/scp-2749,SCP-2749 - It's Just Business
750,/scp-2750,SCP-2750 - Navajo Skinwalkers
751,/scp-2751,SCP-2751 - Hydrophobic Dogs
752,/scp-2752,SCP-2752 - Junk Male
753,/scp-2753,SCP-2753 - Let's Play Jenga!
754,/scp-2754,SCP-2754 - How To Put 110% Into Everything
755,/scp-2755,SCP-2755 - Brevity of Writ
756,/scp-2756,SCP-2756 - Surreal Landscaper
757,/scp-2757,SCP-2757 - Dr. Wondertainment's Projector Fantastico‚Ñ¢
758,/scp-2758,SCP-2758 - Self-Containment Process
759,/scp-2759,"SCP-2759 - As Above, So Below"
760,/scp-2760,SCP-2760 - Eccentric Flailing Air-powered Dragons
761,/scp-2761,SCP-2761 - Bananazilla
762,/scp-2762,SCP-2762 - Moon Snakes
763,/scp-2763,"SCP-2763 - The Tragedy of SCP-2763, A Modern Euclid Tale"
764,/scp-2764,SCP-2764 - The Eldritch Antarctic
765,/scp-2765,SCP-2765 - Caveat Dei
766,/scp-2766,SCP-2766 - Aqua Caligula
767,/scp-2767,SCP-2767 - Oppression Blue
768,/scp-2768,SCP-2768 - Human Potential
769,/scp-2769,SCP-61231 - An Honest Buck
770,/scp-2770,SCP-2770 - The Lure
771,/scp-2771,SCP-2771 - Border Duty
772,/scp-2772,SCP-2772 - Real Life Memorial For A Virtual Non-Existence
773,/scp-2773,SCP-2773 - Panic Attacks
774,/scp-2774,SCP-2774 - The Slow Burn Sloth
775,/scp-2775,SCP-2775 - Bootleg Hoomans
776,/scp-2776,SCP-2776 - Mr. President
777,/scp-2777,SCP-2777 - He Who Would Be King
778,/scp-2778,SCP-2778 - Rest For The Wicked
779,/scp-2779,SCP-2779 - Oinkers üê∑
780,/scp-2780,"SCP-2780 - Temporal Anomaly, 618 Evergreen St."
781,/scp-2781,SCP-2781 - Bodhisattva of the High Seas
782,/scp-2782,SCP-2782 - The Flock
783,/scp-2783,SCP-2783 - Silent Lamentations of a Clockwork Goddess
784,/scp-2784,SCP-2784 - My friends have made a net
785,/scp-2785,SCP-2785 - Self-Replicating Automaton
786,/scp-2786,SCP-2786 - The Archetype
787,/scp-2787,SCP-2787 - A Bridge in ‚ñà‚ñà‚ñà‚ñà‚ñà‚ñà‚ñà‚ñà
788,/scp-2788,SCP-2788 - God is Red Rich
789,/scp-2789,SCP-2789 - Self-Replicating Fast Food Chain
790,/scp-2790,SCP-2790 - You've Got a Squid in Me
791,/scp-2791,SCP-2791 - Fauste Bank plc
792,/scp-2792,SCP-2792 - Sarah Snow Rabbit
793,/scp-2793,SCP-2793 - Peace Planet
794,/scp-2794,SCP-2794 - Cutesy Wutesy Pootesy NK Ladybugs
795,/scp-2795,SCP-2795 - The Can-Do Helper
796,/scp-2796,SCP-2796 - Invisible Ink
797,/scp-2797,SCP-2797 - –ë–µ–ª–∫–∏
798,/scp-2798,SCP-2798 - This Dying World
799,/scp-2799,SCP-2799 - The Navigator
800,/scp-2800,SCP-2800 - Cactusman
801,/scp-2801,SCP-2801 - All Your Brains Are Belong To Us
802,/scp-2802,SCP-2802 - Un-woodpeckers
803,/scp-2803,"SCP-2803 - TotleighSoft - ""Because COMPUTERS!""‚Ñ¢"
804,/scp-2804,SCP-2804 - Fire and Forget
805,/scp-2805,SCP-2805 - Disney on Ice
806,/scp-2806,SCP-2806 - We Have the Technology
807,/scp-2807,SCP-2807 - Ancient Foundation Burial Ground
808,/scp-2808,SCP-2808 - Doomsday
809,/scp-2809,SCP-2809 - Des Souvenirs
810,/scp-2810,SCP-2810 - Turtles All the Way Down
811,/scp-2811,SCP-2811 - Kali Yuga
812,/scp-2812,SCP-2812 - Echoes of Yesterday
813,/scp-2813,SCP-2813 - Ghost Ship
814,/scp-2814,SCP-2814 - Heretic of the Torch
815,/scp-2815,SCP-2815 - Tree of Life
816,/scp-2816,SCP-2816 - Nuclear Forgery
817,/scp-2817,SCP-2817 - The Carpet King Prosecutes Itself
818,/scp-2818,SCP-2818 - A Gun That Shoots People
819,/scp-2819,SCP-2819 - Bond Beetles
820,/scp-2820,SCP-2820 - Vaishnavastra
821,/scp-2821,SCP-2821 - A Lunar True Vacuum
822,/scp-2822,SCP-2822 - Rock Husbandry
823,/scp-2823,SCP-2823 - Fen Tigers
824,/scp-2824,SCP-2824 - The Once and Future King
825,/scp-2825,SCP-2825 - Jacob Perhacs
826,/scp-2826,SCP-2826 - The Boys From Patrol
827,/scp-2827,SCP-2827 - Probably a Lobster
828,/scp-2828,SCP-2828 - Antimemetic Body Part
829,/scp-2829,SCP-2829 - Liposlugtion
830,/scp-2830,"SCP-2830 - ""the Knowledge"""
831,/scp-2831,SCP-2831 - The Forest Men of ‚ñà‚ñà‚ñà‚ñà‚ñà‚ñà‚ñà
832,/scp-2832,SCP-2832 - Hubris
833,/scp-2833,SCP-2833 - Lineage of Vaski
834,/scp-2834,SCP-2834 - Cursed ink jar
835,/scp-2835,SCP-2835 - Constructive Criticism
836,/scp-2836,SCP-2836 - The Air Swimmer
837,/scp-2837,SCP-2837 - Ancient Physics
838,/scp-2838,SCP-2838 - Stellar Reincarnation Column
839,/scp-2839,SCP-2839 - Dr Weppler's Personnel File
840,/scp-2840,SCP-2840 - Apex Nightmare
841,/scp-2841,SCP-2841 - Revenge of the Snakes
842,/scp-2842,"SCP-2842 - It's A Meme, You Dip"
843,/scp-2843,SCP-2843 - The Micro Landscape
844,/scp-2844,SCP-2844 - Gary of the Paperclips
845,/scp-2845,SCP-2845 - THE DEER
846,/scp-2846,SCP-2846 - The Squid and the Sailor
847,/scp-2847,"SCP-2847 - Yu the Great, and the Immortal"
848,/scp-2848,SCP-2848 - Leave It All Behind
849,/scp-2849,SCP-2849 - Insect Hospital
850,/scp-2850,SCP-2850 - Vespidonts
851,/scp-2851,SCP-2851 - Red
852,/scp-2852,SCP-2852 - Cousin Johnny
853,/scp-2853,SCP-2853 - From Dust to Dawn
854,/scp-2854,SCP-2854 - The Little Shop-Mart of Horrors
855,/scp-2855,SCP-2855 - Mr. Money
856,/scp-2856,"SCP-2856 - Machines, machinations, and a warehouse in Leipzig"
857,/scp-2857,"SCP-2857 - Dr. Ji Fan, PhD SOCA"
858,/scp-2858,SCP-2858 - As Though The Wasps Themselves Had Worked It There
859,/scp-2859,SCP-2859 - The Space Serpents
860,/scp-2860,SCP-2860 - Made of Stone
861,/scp-2861,SCP-2861 - Cozy Cemetery
862,/scp-2862,SCP-2862 - Beholder
863,/scp-2863,SCP-2863 - „Åå„Åó„ÇÉ„Å©„Åè„Çç
864,/scp-2864,Di Molte Voci
865,/scp-2865,SCP-2865 - Jeremy's Kingdom
866,/scp-2866,SCP-2866 - Graffiti Activist
867,/scp-2867,"SCP-2867 - No, Not The Cheese"
868,/scp-2868,SCP-2868 - Concept Cordyceps
869,/scp-2869,SCP-2869 - Fuckworms
870,/scp-2870,SCP-2870 - General Malaise
871,/scp-2871,SCP-2871 - Strong Interaction Amplifier
872,/scp-2872,SCP-2872 - A Fast Horse
873,/scp-2873,SCP-2873 - Another Human Weapon
874,/scp-2874,SCP-2874 - Don-Burten Explosive Dev13e
875,/scp-2875,SCP-2875 - The Town That Got Fucked By Bears
876,/scp-2876,SCP-2876 - Dream A Little Dream
877,/scp-2877,SCP-2877 - it h8s it here
878,/scp-2878,SCP-2878 - Reverse Cyborg
879,/scp-2879,SCP-2879 - Spot the Discrepancy
880,/scp-2880,SCP-2880 - The Empire of Savaki
881,/scp-2881,SCP-2881 - The Tree You Cannot Climb
882,/scp-2882,SCP-2882 - Overwriting Myself For A Faraway Dream
883,/scp-2883,"SCP-2883 - A Rainbow, Holographic, Crystal Dinosaur"
884,/scp-2884,SCP-2884 - One Nation Under CCTV
885,/scp-2885,SCP-2885 - Window to Another You
886,/scp-2886,SCP-2886 - Planet-Hopping Volcano
887,/scp-2887,SCP-2887 - London Terminus
888,/scp-2888,SCP-2888 - Again and Again and Again
889,/scp-2889,"SCP-2889 - That Sweet, Clean Freshwater Smell"
890,/scp-2890,SCP-2890 - Magic Certainly
891,/scp-2891,SCP-2891 - Insta-Container!
892,/scp-2892,SCP-2892 - The Flying Dutchman
893,/scp-2893,SCP-2893 - A Bubble In Time
894,/scp-2894,SCP-2894 - Phantom Island
895,/scp-2895,SCP-2895 - Stingy
896,/scp-2896,"SCP-2896 - To Sleep, Perchance to Dream (of Freedom)"
897,/scp-2897,SCP-2897 - The Bard of Analytics
898,/scp-2898,SCP-2898 - A Persistence of Memory
899,/scp-2899,SCP-2899 - A Collection of Debris in the North Pacific Gyre
900,/scp-2900,SCP-2900 - Nobody gets left behind
901,/scp-2901,SCP-2901 - Mothman
902,/scp-2902,SCP-2902 - The Human Skeleton Closet (and his cat)
903,/scp-2903,SCP-2903 - Garden of the Manichees
904,/scp-2904,SCP-2904 - Temporary Immortals
905,/scp-2905,SCP-2905 - A Web Wrapped With Roses and Poisons
906,/scp-2906,SCP-2906 - &
907,/scp-2907,SCP-2907 - Won't Get Fooled Again
908,/scp-2908,"SCP-2908 - Closed, Won't Fix"
909,/scp-2909,SCP-2909 - The Kind Of Neverland One Never Wishes For
910,/scp-2910,SCP-2910 - That Only a Mother
911,/scp-2911,"SCP-2911 - Mikio, a Fisherman"
912,/scp-2912,SCP-2912 - Clowny Clown Clown
913,/scp-2913,SCP-2913 - A Total Ripoff
914,/scp-2914,SCP-2914 - The Stuff That Dreams are Made Of
915,/scp-2915,SCP-2915 - Frostee-Flesh
916,/scp-2916,"SCP-2916 - A Lamb, a Shepherd, and a Wolf"
917,/scp-2917,SCP-2917 - Twice-Stable Wormhole
918,/scp-2918,SCP-2918 - A Post-Traumatic Predator
919,/scp-2919,SCP-2919 - Protect Kalmaris!
920,/scp-2920,SCP-2920 - What Did You Expect?
921,/scp-2921,SCP-2921 - Zugzwang
922,/scp-2922,SCP-2922 - Notes From the Under
923,/scp-2923,SCP-2923 - X-Men Syndrome
924,/scp-2924,SCP-2924 - Drifters
925,/scp-2925,SCP-2925 - Sphere of Influence
926,/scp-2926,SCP-2926 - Image Corrector
927,/scp-2927,SCP-2927 - Soundspots
928,/scp-2928,SCP-2928 - The 21st Discipline
929,/scp-2929,SCP-2929 - Undulating Obsidian Monolith
930,/scp-2930,SCCP-2930 - Cross City City City City Hall
931,/scp-2931,SCP-2931 - Twin Bed
932,/scp-2932,SCP-2932 - Titania's Prison
933,/scp-2933,SCP-2933 - Mr. Scary
934,/scp-2934,SCP-2934 - WTF I hate Ndrec Gega now!
935,/scp-2935,"SCP-2935 - O, Death"
936,/scp-2936,SCP-2936 - Giant Nazi Robot
937,/scp-2937,SCP-2937 - A Pottery Set
938,/scp-2938,SCP-2938 - Unpredictably Reactive Substance
939,/scp-2939,SCP-2939 - ‚ÄúBIG NARF‚Äù
940,/scp-2940,SCP-2940 - The Light Courier
941,/scp-2941,SCP-2941 - Do Not Eat or Inspire
942,/scp-2942,SCP-2942 - My Other Car is a Fighter Jet
943,/scp-2943,"SCP-2943 - In Case Of Emergency, Break Glass"
944,/scp-2944,SCP-2944 - An Anomalous Haircut
945,/scp-2945,SCP-2945 - USB ‚ñà‚ñà.0
946,/scp-2946,SCP-2946 - Overly Large E. Coli
947,/scp-2947,SCP-2947 - Fidget Winners
948,/scp-2948,SCP-2948 - Repeating Bomb
949,/scp-2949,SCP-2949 - Observable Televised Feline Migration
950,/scp-2950,SCP-2950 - Just A Chair
951,/scp-2951,"SCP-2951 - 10,000 Years"
952,/scp-2952,SCP-2952 - Conveyance Of Regional Gwerin Internationally
953,/scp-2953,SCP-2953 - Polymorphism-Inducing Rocks
954,/scp-2954,SCP-2954 - Looping Kaiju Killing
955,/scp-2955,SCP-2955 - Every Wandering Golden City of the Caesars
956,/scp-2956,SCP-2956 - We All Live in a Nuclear Submarine
957,/scp-2957,SCP-2957 - The Lunar Watchers
958,/scp-2958,SCP-2958 - Marooned
959,/scp-2959,"SCP-2959 - What We Did, What We Were"
960,/scp-2960,SCP-2960 - The Show MUST Go On‚Ä¶
961,/scp-2961,SCP-2961 - Los Ocultos
962,/scp-2962,SCP-2962 - Supacansa
963,/scp-2963,"SCP-2963 - A D-Class, a Sarkicist, and a Yithian walk into a reality bender‚Ä¶"
964,/scp-2964,"SCP-2964 - ""Xtreme Videozzz"""
965,/scp-2965,SCP-2965 - A Pony Express
966,/scp-2966,SCP-2966 - InfiniTP
967,/scp-2967,SCP-2967 - Sapient Cephalopods
968,/scp-2968,SCP-2968 - Stairway to Heaven
969,/scp-2969,SCP-2969 - In Your Own Words
970,/scp-2970,SCP-2970 - Holy Misplacement
971,/scp-2971,SCP-2971 - Whole Lotta (Reality) Shakin' Goin' On!
972,/scp-2972,SCP-2972 - Somebody Else's Parking Lot In Sebastopol
973,/scp-2973,SCP-2973 - IhctÕüoÃ¢gaÃ¥mÕ†aÃ¢t
974,/scp-2974,SCP-2974 - Dried and Salted Lizard
975,/scp-2975,SCP-2975 - Another Sun
976,/scp-2976,SCP-2976 - Hall of the Last King
977,/scp-2977,SCP-2977 - Periscope Ants
978,/scp-2978,SCP-2978 - Motherburg
979,/scp-2979,"SCP-2979 - Your Secondary School Physics Teacher, Mr. [REDACTED]"
980,/scp-2980,SCP-2980 - Devil's Nightlight
981,/scp-2981,SCP-2981 - Mashed Potatoes Can Be Your Friend
982,/scp-2982,SCP-2982 - Televon Telefex Secrecy-8
983,/scp-2983,SCP-2983 - Choco-Wonder Explosion Marshmallow Bites!‚Ñ¢ by Dr. Wondertainment
984,/scp-2984,SCP-2984 - Girl on Fire
985,/scp-2985,"SCP-2985 - Anart, Author of the Scream"
986,/scp-2986,SCP-2986 - Outside the Box
987,/scp-2987,SCP-2987 - Invictus
988,/scp-2988,SCP-2988 - Folly of the Fruit Eater
989,/scp-2989,"SCP-2989 - Of Bookworms, Bamboo, and Beating Hearts."
990,/scp-2990,SCP-2990 - Silently Soaring
991,/scp-2991,"SCP-2991 - ""Scarf"""
992,/scp-2992,SCP-2992 - Everything Flows Towards Cadence
993,/scp-2993,SCP-2993 - A Pair of Sunglasses
994,/scp-2994,SCP-2994 - Interactive Whiteboards
995,/scp-2995,SCP-2995 - Radiant Son
996,/scp-2996,SCP-2996 - ERROR / ERROR
997,/scp-2997,SCP-2997 - Ashes of the Fallen
998,/scp-2998,"SCP-2998 - Anomalous Transmission, 2485¬†MHz"
999,/scp-2999,SCP-2999 - The Black Cat and the White Rabbit
